slide,image_file,annotation_file,annotation_id,record_index,original_title,mapped_category,match_method,matched_csv_titles,priority,shape,specialtype,details,duplicate_candidate
C_418058_W_Nassichuk_L_2025_01_14_20_55_37,/rhf/allocations/dsci435/smithsonian_full_sp26/raw/C_418058_W_Nassichuk_L_2025_01_14_20_55_37.ndpi,/rhf/allocations/dsci435/smithsonian_full_sp26/raw/C_418058_W_Nassichuk_L_2025_01_14_20_55_37.ndpi.ndpa,1,0,Bombacacidites,Bombacacidites sp.,provisional_alias,Bombacacidites sp.,YES,circle,,"Triaperturate checked
Porate
In onenote",False
C_418058_W_Nassichuk_L_2025_01_14_20_55_37,/rhf/allocations/dsci435/smithsonian_full_sp26/raw/C_418058_W_Nassichuk_L_2025_01_14_20_55_37.ndpi,/rhf/allocations/dsci435/smithsonian_full_sp26/raw/C_418058_W_Nassichuk_L_2025_01_14_20_55_37.ndpi.ndpa,3,1,Bombacacidites,Bombacacidites sp.,provisional_alias,Bombacacidites sp.,YES,circle,,"Triporate checked
In onenote",False
C_418058_W_Nassichuk_L_2025_01_14_20_55_37,/rhf/allocations/dsci435/smithsonian_full_sp26/raw/C_418058_W_Nassichuk_L_2025_01_14_20_55_37.ndpi,/rhf/allocations/dsci435/smithsonian_full_sp26/raw/C_418058_W_Nassichuk_L_2025_01_14_20_55_37.ndpi.ndpa,10,8,Cupuliferoipollenites,Cupuliferoipollenites sp.,provisional_alias,Cupuliferoipollenites sp.,YES,circle,,Checked,False
C_418058_W_Nassichuk_L_2025_01_14_20_55_37,/rhf/allocations/dsci435/smithsonian_full_sp26/raw/C_418058_W_Nassichuk_L_2025_01_14_20_55_37.ndpi,/rhf/allocations/dsci435/smithsonian_full_sp26/raw/C_418058_W_Nassichuk_L_2025_01_14_20_55_37.ndpi.ndpa,32,30,Quercus,Quercus sp.,provisional_alias,Quercus sp.,YES,circle,,Onenote checked,False
C_418058_W_Nassichuk_L_2025_01_14_20_55_37,/rhf/allocations/dsci435/smithsonian_full_sp26/raw/C_418058_W_Nassichuk_L_2025_01_14_20_55_37.ndpi,/rhf/allocations/dsci435/smithsonian_full_sp26/raw/C_418058_W_Nassichuk_L_2025_01_14_20_55_37.ndpi.ndpa,33,31,Indet,Indet.,provisional_alias,Paly | Pediastrum | paly | paly?,NO,circle,,checked,False
C_418058_W_Nassichuk_L_2025_01_14_20_55_37,/rhf/allocations/dsci435/smithsonian_full_sp26/raw/C_418058_W_Nassichuk_L_2025_01_14_20_55_37.ndpi,/rhf/allocations/dsci435/smithsonian_full_sp26/raw/C_418058_W_Nassichuk_L_2025_01_14_20_55_37.ndpi.ndpa,34,32,Indet,Indet.,provisional_alias,Paly | Pediastrum | paly | paly?,NO,circle,,checked,False
C_418058_W_Nassichuk_L_2025_01_14_20_55_37,/rhf/allocations/dsci435/smithsonian_full_sp26/raw/C_418058_W_Nassichuk_L_2025_01_14_20_55_37.ndpi,/rhf/allocations/dsci435/smithsonian_full_sp26/raw/C_418058_W_Nassichuk_L_2025_01_14_20_55_37.ndpi.ndpa,36,34,Quercus,Quercus sp.,provisional_alias,Quercus sp.,YES,circle,,checked,False
C_418058_W_Nassichuk_L_2025_01_14_20_55_37,/rhf/allocations/dsci435/smithsonian_full_sp26/raw/C_418058_W_Nassichuk_L_2025_01_14_20_55_37.ndpi,/rhf/allocations/dsci435/smithsonian_full_sp26/raw/C_418058_W_Nassichuk_L_2025_01_14_20_55_37.ndpi.ndpa,40,38,Indet,Indet.,provisional_alias,Paly | Pediastrum | paly | paly?,NO,circle,,Onenote checked,False
C_418058_W_Nassichuk_L_2025_01_14_20_55_37,/rhf/allocations/dsci435/smithsonian_full_sp26/raw/C_418058_W_Nassichuk_L_2025_01_14_20_55_37.ndpi,/rhf/allocations/dsci435/smithsonian_full_sp26/raw/C_418058_W_Nassichuk_L_2025_01_14_20_55_37.ndpi.ndpa,54,52,Siltaria cf. hanleyi,Rhoipites sp.,provisional_alias,SIltaria sp. | Siltaria sp.,YES,circle,,Onenote checked,False
C_418058_W_Nassichuk_L_2025_01_14_20_55_37,/rhf/allocations/dsci435/smithsonian_full_sp26/raw/C_418058_W_Nassichuk_L_2025_01_14_20_55_37.ndpi,/rhf/allocations/dsci435/smithsonian_full_sp26/raw/C_418058_W_Nassichuk_L_2025_01_14_20_55_37.ndpi.ndpa,65,63,Siltaria hanleyi,Rhoipites sp.,provisional_alias,SIltaria sp. | Siltaria sp.,YES,circle,,checked,False
C_418058_W_Nassichuk_L_2025_01_14_20_55_37,/rhf/allocations/dsci435/smithsonian_full_sp26/raw/C_418058_W_Nassichuk_L_2025_01_14_20_55_37.ndpi,/rhf/allocations/dsci435/smithsonian_full_sp26/raw/C_418058_W_Nassichuk_L_2025_01_14_20_55_37.ndpi.ndpa,75,73,Indet,Indet.,provisional_alias,Paly | Pediastrum | paly | paly?,NO,circle,,checked,False
C_418058_W_Nassichuk_L_2025_01_14_20_55_37,/rhf/allocations/dsci435/smithsonian_full_sp26/raw/C_418058_W_Nassichuk_L_2025_01_14_20_55_37.ndpi,/rhf/allocations/dsci435/smithsonian_full_sp26/raw/C_418058_W_Nassichuk_L_2025_01_14_20_55_37.ndpi.ndpa,76,74,Cupuliferoipollenites spp.,Cupuliferoipollenites sp.,provisional_alias,Cupuliferoipollenites sp.,YES,circle,,checked,False
C_418058_W_Nassichuk_L_2025_01_14_20_55_37,/rhf/allocations/dsci435/smithsonian_full_sp26/raw/C_418058_W_Nassichuk_L_2025_01_14_20_55_37.ndpi,/rhf/allocations/dsci435/smithsonian_full_sp26/raw/C_418058_W_Nassichuk_L_2025_01_14_20_55_37.ndpi.ndpa,77,75,Cupuliferoipollenites spp.,Cupuliferoipollenites sp.,provisional_alias,Cupuliferoipollenites sp.,YES,circle,,Onenote checked,False
C_418058_W_Nassichuk_L_2025_01_14_20_55_37,/rhf/allocations/dsci435/smithsonian_full_sp26/raw/C_418058_W_Nassichuk_L_2025_01_14_20_55_37.ndpi,/rhf/allocations/dsci435/smithsonian_full_sp26/raw/C_418058_W_Nassichuk_L_2025_01_14_20_55_37.ndpi.ndpa,80,78,Carya spp.,Caryapollenites sp.,provisional_alias,Carya sp.,YES,circle,,Onenote  Checked,False
C_418058_W_Nassichuk_L_2025_01_14_20_55_37,/rhf/allocations/dsci435/smithsonian_full_sp26/raw/C_418058_W_Nassichuk_L_2025_01_14_20_55_37.ndpi,/rhf/allocations/dsci435/smithsonian_full_sp26/raw/C_418058_W_Nassichuk_L_2025_01_14_20_55_37.ndpi.ndpa,86,84,Cupuliferoipollenites spp.,Cupuliferoipollenites sp.,provisional_alias,Cupuliferoipollenites sp.,YES,circle,,checked,False
C_418058_W_Nassichuk_L_2025_01_14_20_55_37,/rhf/allocations/dsci435/smithsonian_full_sp26/raw/C_418058_W_Nassichuk_L_2025_01_14_20_55_37.ndpi,/rhf/allocations/dsci435/smithsonian_full_sp26/raw/C_418058_W_Nassichuk_L_2025_01_14_20_55_37.ndpi.ndpa,116,112,Cupuliferoipollenites spp.,Cupuliferoipollenites sp.,provisional_alias,Cupuliferoipollenites sp.,YES,circle,,Onenote checked,False
C_418058_W_Nassichuk_L_2025_01_14_20_55_37,/rhf/allocations/dsci435/smithsonian_full_sp26/raw/C_418058_W_Nassichuk_L_2025_01_14_20_55_37.ndpi,/rhf/allocations/dsci435/smithsonian_full_sp26/raw/C_418058_W_Nassichuk_L_2025_01_14_20_55_37.ndpi.ndpa,118,114,Cupuliferoipollenite,Cupuliferoipollenites sp.,provisional_alias,Cupuliferoipollenites sp.,YES,circle,,checked,False
C_418058_W_Nassichuk_L_2025_01_14_20_55_37,/rhf/allocations/dsci435/smithsonian_full_sp26/raw/C_418058_W_Nassichuk_L_2025_01_14_20_55_37.ndpi,/rhf/allocations/dsci435/smithsonian_full_sp26/raw/C_418058_W_Nassichuk_L_2025_01_14_20_55_37.ndpi.ndpa,119,115,Cupuliferoipollenite,Cupuliferoipollenites sp.,provisional_alias,Cupuliferoipollenites sp.,YES,circle,,checked,False
C_418058_W_Nassichuk_L_2025_01_14_20_55_37,/rhf/allocations/dsci435/smithsonian_full_sp26/raw/C_418058_W_Nassichuk_L_2025_01_14_20_55_37.ndpi,/rhf/allocations/dsci435/smithsonian_full_sp26/raw/C_418058_W_Nassichuk_L_2025_01_14_20_55_37.ndpi.ndpa,123,119,Indet,Indet.,provisional_alias,Paly | Pediastrum | paly | paly?,NO,circle,,checked,False
C_418058_W_Nassichuk_L_2025_01_14_20_55_37,/rhf/allocations/dsci435/smithsonian_full_sp26/raw/C_418058_W_Nassichuk_L_2025_01_14_20_55_37.ndpi,/rhf/allocations/dsci435/smithsonian_full_sp26/raw/C_418058_W_Nassichuk_L_2025_01_14_20_55_37.ndpi.ndpa,125,121,Indet,Indet.,provisional_alias,Paly | Pediastrum | paly | paly?,NO,circle,,checked,False
C_418058_W_Nassichuk_L_2025_01_14_20_55_37,/rhf/allocations/dsci435/smithsonian_full_sp26/raw/C_418058_W_Nassichuk_L_2025_01_14_20_55_37.ndpi,/rhf/allocations/dsci435/smithsonian_full_sp26/raw/C_418058_W_Nassichuk_L_2025_01_14_20_55_37.ndpi.ndpa,126,122,Cupuliferoipollenites spp.,Cupuliferoipollenites sp.,provisional_alias,Cupuliferoipollenites sp.,YES,circle,,Onenote checked,False
C_418058_W_Nassichuk_L_2025_01_14_20_55_37,/rhf/allocations/dsci435/smithsonian_full_sp26/raw/C_418058_W_Nassichuk_L_2025_01_14_20_55_37.ndpi,/rhf/allocations/dsci435/smithsonian_full_sp26/raw/C_418058_W_Nassichuk_L_2025_01_14_20_55_37.ndpi.ndpa,127,123,Cupuliferoipollenites spp.,Cupuliferoipollenites sp.,provisional_alias,Cupuliferoipollenites sp.,YES,circle,,Onenote checked,False
C_418058_W_Nassichuk_L_2025_01_14_20_55_37,/rhf/allocations/dsci435/smithsonian_full_sp26/raw/C_418058_W_Nassichuk_L_2025_01_14_20_55_37.ndpi,/rhf/allocations/dsci435/smithsonian_full_sp26/raw/C_418058_W_Nassichuk_L_2025_01_14_20_55_37.ndpi.ndpa,131,127,Siltaria cf. hanleyi,Rhoipites sp.,provisional_alias,SIltaria sp. | Siltaria sp.,YES,circle,,checked,False
C_418058_W_Nassichuk_L_2025_01_14_20_55_37,/rhf/allocations/dsci435/smithsonian_full_sp26/raw/C_418058_W_Nassichuk_L_2025_01_14_20_55_37.ndpi,/rhf/allocations/dsci435/smithsonian_full_sp26/raw/C_418058_W_Nassichuk_L_2025_01_14_20_55_37.ndpi.ndpa,132,128,Cupuliferoipollenites,Cupuliferoipollenites sp.,provisional_alias,Cupuliferoipollenites sp.,YES,circle,,Onenote checked,False
C_418058_W_Nassichuk_L_2025_01_14_20_55_37,/rhf/allocations/dsci435/smithsonian_full_sp26/raw/C_418058_W_Nassichuk_L_2025_01_14_20_55_37.ndpi,/rhf/allocations/dsci435/smithsonian_full_sp26/raw/C_418058_W_Nassichuk_L_2025_01_14_20_55_37.ndpi.ndpa,138,134,Quercus,Quercus sp.,provisional_alias,Quercus sp.,YES,circle,,"Onenote checked
Tricolporate O",False
C_418058_W_Nassichuk_L_2025_01_14_20_55_37,/rhf/allocations/dsci435/smithsonian_full_sp26/raw/C_418058_W_Nassichuk_L_2025_01_14_20_55_37.ndpi,/rhf/allocations/dsci435/smithsonian_full_sp26/raw/C_418058_W_Nassichuk_L_2025_01_14_20_55_37.ndpi.ndpa,142,138,Quercus,Quercus sp.,provisional_alias,Quercus sp.,YES,circle,,checked,False
C_418058_W_Nassichuk_L_2025_01_14_20_55_37,/rhf/allocations/dsci435/smithsonian_full_sp26/raw/C_418058_W_Nassichuk_L_2025_01_14_20_55_37.ndpi,/rhf/allocations/dsci435/smithsonian_full_sp26/raw/C_418058_W_Nassichuk_L_2025_01_14_20_55_37.ndpi.ndpa,148,143,Cupuliferoipollenites spp.,Cupuliferoipollenites sp.,provisional_alias,Cupuliferoipollenites sp.,YES,circle,,check,False
C_418058_W_Nassichuk_L_2025_01_14_20_55_37,/rhf/allocations/dsci435/smithsonian_full_sp26/raw/C_418058_W_Nassichuk_L_2025_01_14_20_55_37.ndpi,/rhf/allocations/dsci435/smithsonian_full_sp26/raw/C_418058_W_Nassichuk_L_2025_01_14_20_55_37.ndpi.ndpa,151,146,Indet,Indet.,provisional_alias,Paly | Pediastrum | paly | paly?,NO,circle,,checked,False
C_418058_W_Nassichuk_L_2025_01_14_20_55_37,/rhf/allocations/dsci435/smithsonian_full_sp26/raw/C_418058_W_Nassichuk_L_2025_01_14_20_55_37.ndpi,/rhf/allocations/dsci435/smithsonian_full_sp26/raw/C_418058_W_Nassichuk_L_2025_01_14_20_55_37.ndpi.ndpa,154,149,Quercus,Quercus sp.,provisional_alias,Quercus sp.,YES,circle,,Defined wall checked,False
C_418058_W_Nassichuk_L_2025_01_14_20_55_37,/rhf/allocations/dsci435/smithsonian_full_sp26/raw/C_418058_W_Nassichuk_L_2025_01_14_20_55_37.ndpi,/rhf/allocations/dsci435/smithsonian_full_sp26/raw/C_418058_W_Nassichuk_L_2025_01_14_20_55_37.ndpi.ndpa,155,150,Siltaria cf. hanleyi,Rhoipites sp.,provisional_alias,SIltaria sp. | Siltaria sp.,YES,circle,,checked,False
C_418058_W_Nassichuk_L_2025_01_14_20_55_37,/rhf/allocations/dsci435/smithsonian_full_sp26/raw/C_418058_W_Nassichuk_L_2025_01_14_20_55_37.ndpi,/rhf/allocations/dsci435/smithsonian_full_sp26/raw/C_418058_W_Nassichuk_L_2025_01_14_20_55_37.ndpi.ndpa,156,151,Cupuliferoipollenites spp.,Cupuliferoipollenites sp.,provisional_alias,Cupuliferoipollenites sp.,YES,circle,,Onenote checked,False
C_418058_W_Nassichuk_L_2025_01_14_20_55_37,/rhf/allocations/dsci435/smithsonian_full_sp26/raw/C_418058_W_Nassichuk_L_2025_01_14_20_55_37.ndpi,/rhf/allocations/dsci435/smithsonian_full_sp26/raw/C_418058_W_Nassichuk_L_2025_01_14_20_55_37.ndpi.ndpa,228,154,Indet,Indet.,provisional_alias,Paly | Pediastrum | paly | paly?,NO,circle,,Broken piece checked,False
C_418058_W_Nassichuk_L_2025_01_14_20_55_37,/rhf/allocations/dsci435/smithsonian_full_sp26/raw/C_418058_W_Nassichuk_L_2025_01_14_20_55_37.ndpi,/rhf/allocations/dsci435/smithsonian_full_sp26/raw/C_418058_W_Nassichuk_L_2025_01_14_20_55_37.ndpi.ndpa,231,156,Cupuliferoipollenites spp.,Cupuliferoipollenites sp.,provisional_alias,Cupuliferoipollenites sp.,YES,circle,,checked,False
C_418058_W_Nassichuk_L_2025_01_14_20_55_37,/rhf/allocations/dsci435/smithsonian_full_sp26/raw/C_418058_W_Nassichuk_L_2025_01_14_20_55_37.ndpi,/rhf/allocations/dsci435/smithsonian_full_sp26/raw/C_418058_W_Nassichuk_L_2025_01_14_20_55_37.ndpi.ndpa,240,159,Indet,Indet.,provisional_alias,Paly | Pediastrum | paly | paly?,NO,circle,,,False
C_418058_W_Nassichuk_L_2025_01_14_20_55_37,/rhf/allocations/dsci435/smithsonian_full_sp26/raw/C_418058_W_Nassichuk_L_2025_01_14_20_55_37.ndpi,/rhf/allocations/dsci435/smithsonian_full_sp26/raw/C_418058_W_Nassichuk_L_2025_01_14_20_55_37.ndpi.ndpa,241,160,Indet,Indet.,provisional_alias,Paly | Pediastrum | paly | paly?,NO,circle,,Checked,False
C_418058_W_Nassichuk_L_2025_01_14_20_55_37,/rhf/allocations/dsci435/smithsonian_full_sp26/raw/C_418058_W_Nassichuk_L_2025_01_14_20_55_37.ndpi,/rhf/allocations/dsci435/smithsonian_full_sp26/raw/C_418058_W_Nassichuk_L_2025_01_14_20_55_37.ndpi.ndpa,244,162,Cupuliferoipollenites spp.,Cupuliferoipollenites sp.,provisional_alias,Cupuliferoipollenites sp.,YES,circle,,Onenote checekd,False
C_418058_W_Nassichuk_L_2025_01_14_20_55_37,/rhf/allocations/dsci435/smithsonian_full_sp26/raw/C_418058_W_Nassichuk_L_2025_01_14_20_55_37.ndpi,/rhf/allocations/dsci435/smithsonian_full_sp26/raw/C_418058_W_Nassichuk_L_2025_01_14_20_55_37.ndpi.ndpa,245,163,Cupuliferoipollenites spp.,Cupuliferoipollenites sp.,provisional_alias,Cupuliferoipollenites sp.,YES,circle,,Onenote checked,False
C_418058_W_Nassichuk_L_2025_01_14_20_55_37,/rhf/allocations/dsci435/smithsonian_full_sp26/raw/C_418058_W_Nassichuk_L_2025_01_14_20_55_37.ndpi,/rhf/allocations/dsci435/smithsonian_full_sp26/raw/C_418058_W_Nassichuk_L_2025_01_14_20_55_37.ndpi.ndpa,247,165,Indet,Indet.,provisional_alias,Paly | Pediastrum | paly | paly?,NO,circle,,checked,False
C_418058_W_Nassichuk_L_2025_01_14_20_55_37,/rhf/allocations/dsci435/smithsonian_full_sp26/raw/C_418058_W_Nassichuk_L_2025_01_14_20_55_37.ndpi,/rhf/allocations/dsci435/smithsonian_full_sp26/raw/C_418058_W_Nassichuk_L_2025_01_14_20_55_37.ndpi.ndpa,250,167,Indet,Indet.,provisional_alias,Paly | Pediastrum | paly | paly?,NO,circle,,checked,False
C_418058_W_Nassichuk_L_2025_01_14_20_55_37,/rhf/allocations/dsci435/smithsonian_full_sp26/raw/C_418058_W_Nassichuk_L_2025_01_14_20_55_37.ndpi,/rhf/allocations/dsci435/smithsonian_full_sp26/raw/C_418058_W_Nassichuk_L_2025_01_14_20_55_37.ndpi.ndpa,256,169,Indet,Indet.,provisional_alias,Paly | Pediastrum | paly | paly?,NO,circle,,checked,False
C_418058_W_Nassichuk_L_2025_01_14_20_55_37,/rhf/allocations/dsci435/smithsonian_full_sp26/raw/C_418058_W_Nassichuk_L_2025_01_14_20_55_37.ndpi,/rhf/allocations/dsci435/smithsonian_full_sp26/raw/C_418058_W_Nassichuk_L_2025_01_14_20_55_37.ndpi.ndpa,261,171,Indet,Indet.,provisional_alias,Paly | Pediastrum | paly | paly?,NO,circle,,checked,False
C_418058_W_Nassichuk_L_2025_01_14_20_55_37,/rhf/allocations/dsci435/smithsonian_full_sp26/raw/C_418058_W_Nassichuk_L_2025_01_14_20_55_37.ndpi,/rhf/allocations/dsci435/smithsonian_full_sp26/raw/C_418058_W_Nassichuk_L_2025_01_14_20_55_37.ndpi.ndpa,263,173,Indet,Indet.,provisional_alias,Paly | Pediastrum | paly | paly?,NO,circle,,checked,False
C_418058_W_Nassichuk_L_2025_01_14_20_55_37,/rhf/allocations/dsci435/smithsonian_full_sp26/raw/C_418058_W_Nassichuk_L_2025_01_14_20_55_37.ndpi,/rhf/allocations/dsci435/smithsonian_full_sp26/raw/C_418058_W_Nassichuk_L_2025_01_14_20_55_37.ndpi.ndpa,269,176,Indet,Indet.,provisional_alias,Paly | Pediastrum | paly | paly?,NO,circle,, Checked,False
C_418058_W_Nassichuk_L_2025_01_14_20_55_37,/rhf/allocations/dsci435/smithsonian_full_sp26/raw/C_418058_W_Nassichuk_L_2025_01_14_20_55_37.ndpi,/rhf/allocations/dsci435/smithsonian_full_sp26/raw/C_418058_W_Nassichuk_L_2025_01_14_20_55_37.ndpi.ndpa,273,178,Indet,Indet.,provisional_alias,Paly | Pediastrum | paly | paly?,NO,circle,,checked,False
C_418058_W_Nassichuk_L_2025_01_14_20_55_37,/rhf/allocations/dsci435/smithsonian_full_sp26/raw/C_418058_W_Nassichuk_L_2025_01_14_20_55_37.ndpi,/rhf/allocations/dsci435/smithsonian_full_sp26/raw/C_418058_W_Nassichuk_L_2025_01_14_20_55_37.ndpi.ndpa,281,182,Indet,Indet.,provisional_alias,Paly | Pediastrum | paly | paly?,NO,circle,,checked,False
C_418058_W_Nassichuk_L_2025_01_14_20_55_37,/rhf/allocations/dsci435/smithsonian_full_sp26/raw/C_418058_W_Nassichuk_L_2025_01_14_20_55_37.ndpi,/rhf/allocations/dsci435/smithsonian_full_sp26/raw/C_418058_W_Nassichuk_L_2025_01_14_20_55_37.ndpi.ndpa,284,183,Indet,Indet.,provisional_alias,Paly | Pediastrum | paly | paly?,NO,circle,,checked,False
C_418058_W_Nassichuk_L_2025_01_14_20_55_37,/rhf/allocations/dsci435/smithsonian_full_sp26/raw/C_418058_W_Nassichuk_L_2025_01_14_20_55_37.ndpi,/rhf/allocations/dsci435/smithsonian_full_sp26/raw/C_418058_W_Nassichuk_L_2025_01_14_20_55_37.ndpi.ndpa,285,184,Momipites microfaveolatus- Alfaroa,Momipites sp,provisional_alias,Momipites microfoveolatus,YES,circle,," checked
Corollina",False
C_418058_W_Nassichuk_L_2025_01_14_20_55_37,/rhf/allocations/dsci435/smithsonian_full_sp26/raw/C_418058_W_Nassichuk_L_2025_01_14_20_55_37.ndpi,/rhf/allocations/dsci435/smithsonian_full_sp26/raw/C_418058_W_Nassichuk_L_2025_01_14_20_55_37.ndpi.ndpa,293,187,Cupuliferoipollenites spp.,Cupuliferoipollenites sp.,provisional_alias,Cupuliferoipollenites sp.,YES,circle,,Onenote checked,False
C_418058_W_Nassichuk_L_2025_01_14_20_55_37,/rhf/allocations/dsci435/smithsonian_full_sp26/raw/C_418058_W_Nassichuk_L_2025_01_14_20_55_37.ndpi,/rhf/allocations/dsci435/smithsonian_full_sp26/raw/C_418058_W_Nassichuk_L_2025_01_14_20_55_37.ndpi.ndpa,298,191,Cupuliferoipollenites spp.,Cupuliferoipollenites sp.,provisional_alias,Cupuliferoipollenites sp.,YES,circle,,checked,False
C_418058_W_Nassichuk_L_2025_01_14_20_55_37,/rhf/allocations/dsci435/smithsonian_full_sp26/raw/C_418058_W_Nassichuk_L_2025_01_14_20_55_37.ndpi,/rhf/allocations/dsci435/smithsonian_full_sp26/raw/C_418058_W_Nassichuk_L_2025_01_14_20_55_37.ndpi.ndpa,301,193,Indet,Indet.,provisional_alias,Paly | Pediastrum | paly | paly?,NO,circle,,Triporate,False
C_418058_W_Nassichuk_L_2025_01_14_20_55_37,/rhf/allocations/dsci435/smithsonian_full_sp26/raw/C_418058_W_Nassichuk_L_2025_01_14_20_55_37.ndpi,/rhf/allocations/dsci435/smithsonian_full_sp26/raw/C_418058_W_Nassichuk_L_2025_01_14_20_55_37.ndpi.ndpa,302,194,Siltaria cf. hanleyi,Rhoipites sp.,provisional_alias,SIltaria sp. | Siltaria sp.,YES,circle,,checked,False
C_418058_W_Nassichuk_L_2025_01_14_20_55_37,/rhf/allocations/dsci435/smithsonian_full_sp26/raw/C_418058_W_Nassichuk_L_2025_01_14_20_55_37.ndpi,/rhf/allocations/dsci435/smithsonian_full_sp26/raw/C_418058_W_Nassichuk_L_2025_01_14_20_55_37.ndpi.ndpa,304,195,Indet,Indet.,provisional_alias,Paly | Pediastrum | paly | paly?,NO,circle,,checked,False
C_418058_W_Nassichuk_L_2025_01_14_20_55_37,/rhf/allocations/dsci435/smithsonian_full_sp26/raw/C_418058_W_Nassichuk_L_2025_01_14_20_55_37.ndpi,/rhf/allocations/dsci435/smithsonian_full_sp26/raw/C_418058_W_Nassichuk_L_2025_01_14_20_55_37.ndpi.ndpa,305,196,Indet,Indet.,provisional_alias,Paly | Pediastrum | paly | paly?,NO,circle,,checked,False
C_418058_W_Nassichuk_L_2025_01_14_20_55_37,/rhf/allocations/dsci435/smithsonian_full_sp26/raw/C_418058_W_Nassichuk_L_2025_01_14_20_55_37.ndpi,/rhf/allocations/dsci435/smithsonian_full_sp26/raw/C_418058_W_Nassichuk_L_2025_01_14_20_55_37.ndpi.ndpa,309,199,Indet,Indet.,provisional_alias,Paly | Pediastrum | paly | paly?,NO,circle,,checked,False
C_418058_W_Nassichuk_L_2025_01_14_20_55_37,/rhf/allocations/dsci435/smithsonian_full_sp26/raw/C_418058_W_Nassichuk_L_2025_01_14_20_55_37.ndpi,/rhf/allocations/dsci435/smithsonian_full_sp26/raw/C_418058_W_Nassichuk_L_2025_01_14_20_55_37.ndpi.ndpa,310,200,Indet,Indet.,provisional_alias,Paly | Pediastrum | paly | paly?,NO,circle,,Checked,False
C_418058_W_Nassichuk_L_2025_01_14_20_55_37,/rhf/allocations/dsci435/smithsonian_full_sp26/raw/C_418058_W_Nassichuk_L_2025_01_14_20_55_37.ndpi,/rhf/allocations/dsci435/smithsonian_full_sp26/raw/C_418058_W_Nassichuk_L_2025_01_14_20_55_37.ndpi.ndpa,311,201,Indet,Indet.,provisional_alias,Paly | Pediastrum | paly | paly?,NO,circle,,Checked,False
C_418058_W_Nassichuk_L_2025_01_14_20_55_37,/rhf/allocations/dsci435/smithsonian_full_sp26/raw/C_418058_W_Nassichuk_L_2025_01_14_20_55_37.ndpi,/rhf/allocations/dsci435/smithsonian_full_sp26/raw/C_418058_W_Nassichuk_L_2025_01_14_20_55_37.ndpi.ndpa,313,203,Siltaria cf. hanleyi,Rhoipites sp.,provisional_alias,SIltaria sp. | Siltaria sp.,YES,circle,,checked,False
C_418058_W_Nassichuk_L_2025_01_14_20_55_37,/rhf/allocations/dsci435/smithsonian_full_sp26/raw/C_418058_W_Nassichuk_L_2025_01_14_20_55_37.ndpi,/rhf/allocations/dsci435/smithsonian_full_sp26/raw/C_418058_W_Nassichuk_L_2025_01_14_20_55_37.ndpi.ndpa,315,205,Cupuliferoipollenites,Cupuliferoipollenites sp.,provisional_alias,Cupuliferoipollenites sp.,YES,circle,,checked,False
C_418058_W_Nassichuk_L_2025_01_14_20_55_37,/rhf/allocations/dsci435/smithsonian_full_sp26/raw/C_418058_W_Nassichuk_L_2025_01_14_20_55_37.ndpi,/rhf/allocations/dsci435/smithsonian_full_sp26/raw/C_418058_W_Nassichuk_L_2025_01_14_20_55_37.ndpi.ndpa,316,206,Indet,Indet.,provisional_alias,Paly | Pediastrum | paly | paly?,NO,circle,,checked,False
C_418058_W_Nassichuk_L_2025_01_14_20_55_37,/rhf/allocations/dsci435/smithsonian_full_sp26/raw/C_418058_W_Nassichuk_L_2025_01_14_20_55_37.ndpi,/rhf/allocations/dsci435/smithsonian_full_sp26/raw/C_418058_W_Nassichuk_L_2025_01_14_20_55_37.ndpi.ndpa,328,215,Quercus,Quercus sp.,provisional_alias,Quercus sp.,YES,circle,,checked,False
C_418058_W_Nassichuk_L_2025_01_14_20_55_37,/rhf/allocations/dsci435/smithsonian_full_sp26/raw/C_418058_W_Nassichuk_L_2025_01_14_20_55_37.ndpi,/rhf/allocations/dsci435/smithsonian_full_sp26/raw/C_418058_W_Nassichuk_L_2025_01_14_20_55_37.ndpi.ndpa,339,223,Quercus,Quercus sp.,provisional_alias,Quercus sp.,YES,circle,,Onenote checked,False
C_418058_W_Nassichuk_L_2025_01_14_20_55_37,/rhf/allocations/dsci435/smithsonian_full_sp26/raw/C_418058_W_Nassichuk_L_2025_01_14_20_55_37.ndpi,/rhf/allocations/dsci435/smithsonian_full_sp26/raw/C_418058_W_Nassichuk_L_2025_01_14_20_55_37.ndpi.ndpa,345,226,Quercus,Quercus sp.,provisional_alias,Quercus sp.,YES,circle,,checked,False
C_418058_W_Nassichuk_L_2025_01_14_20_55_37,/rhf/allocations/dsci435/smithsonian_full_sp26/raw/C_418058_W_Nassichuk_L_2025_01_14_20_55_37.ndpi,/rhf/allocations/dsci435/smithsonian_full_sp26/raw/C_418058_W_Nassichuk_L_2025_01_14_20_55_37.ndpi.ndpa,348,229,Indet,Indet.,provisional_alias,Paly | Pediastrum | paly | paly?,NO,circle,,Checked,False
C_418058_W_Nassichuk_L_2025_01_14_20_55_37,/rhf/allocations/dsci435/smithsonian_full_sp26/raw/C_418058_W_Nassichuk_L_2025_01_14_20_55_37.ndpi,/rhf/allocations/dsci435/smithsonian_full_sp26/raw/C_418058_W_Nassichuk_L_2025_01_14_20_55_37.ndpi.ndpa,350,231,Siltaria cf. hanleyi,Rhoipites sp.,provisional_alias,SIltaria sp. | Siltaria sp.,YES,circle,,checked,False
C_418058_W_Nassichuk_L_2025_01_14_20_55_37,/rhf/allocations/dsci435/smithsonian_full_sp26/raw/C_418058_W_Nassichuk_L_2025_01_14_20_55_37.ndpi,/rhf/allocations/dsci435/smithsonian_full_sp26/raw/C_418058_W_Nassichuk_L_2025_01_14_20_55_37.ndpi.ndpa,370,244,Rkoipites sp.,Rhoipites sp.,provisional_alias,Rhoipites sp.,YES,circle,,Checked,False
C_418058_W_Nassichuk_L_2025_01_14_20_55_37,/rhf/allocations/dsci435/smithsonian_full_sp26/raw/C_418058_W_Nassichuk_L_2025_01_14_20_55_37.ndpi,/rhf/allocations/dsci435/smithsonian_full_sp26/raw/C_418058_W_Nassichuk_L_2025_01_14_20_55_37.ndpi.ndpa,371,245,Quercus,Quercus sp.,provisional_alias,Quercus sp.,YES,circle,,Onenote Checked,False
C_418058_W_Nassichuk_L_2025_01_14_20_55_37,/rhf/allocations/dsci435/smithsonian_full_sp26/raw/C_418058_W_Nassichuk_L_2025_01_14_20_55_37.ndpi,/rhf/allocations/dsci435/smithsonian_full_sp26/raw/C_418058_W_Nassichuk_L_2025_01_14_20_55_37.ndpi.ndpa,392,260,Indet,Indet.,provisional_alias,Paly | Pediastrum | paly | paly?,NO,circle,,checked,False
C_418058_W_Nassichuk_L_2025_01_14_20_55_37,/rhf/allocations/dsci435/smithsonian_full_sp26/raw/C_418058_W_Nassichuk_L_2025_01_14_20_55_37.ndpi,/rhf/allocations/dsci435/smithsonian_full_sp26/raw/C_418058_W_Nassichuk_L_2025_01_14_20_55_37.ndpi.ndpa,396,264,Indet,Indet.,provisional_alias,Paly | Pediastrum | paly | paly?,NO,circle,,checked,False
C_418058_W_Nassichuk_L_2025_01_14_20_55_37,/rhf/allocations/dsci435/smithsonian_full_sp26/raw/C_418058_W_Nassichuk_L_2025_01_14_20_55_37.ndpi,/rhf/allocations/dsci435/smithsonian_full_sp26/raw/C_418058_W_Nassichuk_L_2025_01_14_20_55_37.ndpi.ndpa,404,271,Indet,Indet.,provisional_alias,Paly | Pediastrum | paly | paly?,NO,circle,,checked,False
C_418058_W_Nassichuk_L_2025_01_14_20_55_37,/rhf/allocations/dsci435/smithsonian_full_sp26/raw/C_418058_W_Nassichuk_L_2025_01_14_20_55_37.ndpi,/rhf/allocations/dsci435/smithsonian_full_sp26/raw/C_418058_W_Nassichuk_L_2025_01_14_20_55_37.ndpi.ndpa,406,273,Quercus,Quercus sp.,provisional_alias,Quercus sp.,YES,circle,,Onenote checked,False
C_418058_W_Nassichuk_L_2025_01_14_20_55_37,/rhf/allocations/dsci435/smithsonian_full_sp26/raw/C_418058_W_Nassichuk_L_2025_01_14_20_55_37.ndpi,/rhf/allocations/dsci435/smithsonian_full_sp26/raw/C_418058_W_Nassichuk_L_2025_01_14_20_55_37.ndpi.ndpa,407,274,Indet,Indet.,provisional_alias,Paly | Pediastrum | paly | paly?,NO,circle,,checked,False
C_418058_W_Nassichuk_L_2025_01_14_20_55_37,/rhf/allocations/dsci435/smithsonian_full_sp26/raw/C_418058_W_Nassichuk_L_2025_01_14_20_55_37.ndpi,/rhf/allocations/dsci435/smithsonian_full_sp26/raw/C_418058_W_Nassichuk_L_2025_01_14_20_55_37.ndpi.ndpa,422,287,Indet,Indet.,provisional_alias,Paly | Pediastrum | paly | paly?,NO,circle,,checked,False
C_418058_W_Nassichuk_L_2025_01_14_20_55_37,/rhf/allocations/dsci435/smithsonian_full_sp26/raw/C_418058_W_Nassichuk_L_2025_01_14_20_55_37.ndpi,/rhf/allocations/dsci435/smithsonian_full_sp26/raw/C_418058_W_Nassichuk_L_2025_01_14_20_55_37.ndpi.ndpa,427,288,Cupuliferoipollenites spp.,Cupuliferoipollenites sp.,provisional_alias,Cupuliferoipollenites sp.,YES,circle,,checked,False
C_418058_W_Nassichuk_L_2025_01_14_20_55_37,/rhf/allocations/dsci435/smithsonian_full_sp26/raw/C_418058_W_Nassichuk_L_2025_01_14_20_55_37.ndpi,/rhf/allocations/dsci435/smithsonian_full_sp26/raw/C_418058_W_Nassichuk_L_2025_01_14_20_55_37.ndpi.ndpa,429,289,Indet,Indet.,provisional_alias,Paly | Pediastrum | paly | paly?,NO,circle,,checked,False
C_418058_W_Nassichuk_L_2025_01_14_20_55_37,/rhf/allocations/dsci435/smithsonian_full_sp26/raw/C_418058_W_Nassichuk_L_2025_01_14_20_55_37.ndpi,/rhf/allocations/dsci435/smithsonian_full_sp26/raw/C_418058_W_Nassichuk_L_2025_01_14_20_55_37.ndpi.ndpa,431,290,Cupuliferoipollenites spp.,Cupuliferoipollenites sp.,provisional_alias,Cupuliferoipollenites sp.,YES,circle,,In onenote checked,False
C_418058_W_Nassichuk_L_2025_01_14_20_55_37,/rhf/allocations/dsci435/smithsonian_full_sp26/raw/C_418058_W_Nassichuk_L_2025_01_14_20_55_37.ndpi,/rhf/allocations/dsci435/smithsonian_full_sp26/raw/C_418058_W_Nassichuk_L_2025_01_14_20_55_37.ndpi.ndpa,439,294,Indet,Indet.,provisional_alias,Paly | Pediastrum | paly | paly?,NO,circle,,checked,False
C_418058_W_Nassichuk_L_2025_01_14_20_55_37,/rhf/allocations/dsci435/smithsonian_full_sp26/raw/C_418058_W_Nassichuk_L_2025_01_14_20_55_37.ndpi,/rhf/allocations/dsci435/smithsonian_full_sp26/raw/C_418058_W_Nassichuk_L_2025_01_14_20_55_37.ndpi.ndpa,445,299,Siltaria cf. hanleyi,Rhoipites sp.,provisional_alias,SIltaria sp. | Siltaria sp.,YES,circle,,checked,False
C_418058_W_Nassichuk_L_2025_01_14_20_55_37,/rhf/allocations/dsci435/smithsonian_full_sp26/raw/C_418058_W_Nassichuk_L_2025_01_14_20_55_37.ndpi,/rhf/allocations/dsci435/smithsonian_full_sp26/raw/C_418058_W_Nassichuk_L_2025_01_14_20_55_37.ndpi.ndpa,448,302,Indet,Indet.,provisional_alias,Paly | Pediastrum | paly | paly?,NO,circle,,checked,False
C_418058_W_Nassichuk_L_2025_01_14_20_55_37,/rhf/allocations/dsci435/smithsonian_full_sp26/raw/C_418058_W_Nassichuk_L_2025_01_14_20_55_37.ndpi,/rhf/allocations/dsci435/smithsonian_full_sp26/raw/C_418058_W_Nassichuk_L_2025_01_14_20_55_37.ndpi.ndpa,452,306,Indet,Indet.,provisional_alias,Paly | Pediastrum | paly | paly?,NO,circle,,checked,False
C_418058_W_Nassichuk_L_2025_01_14_20_55_37,/rhf/allocations/dsci435/smithsonian_full_sp26/raw/C_418058_W_Nassichuk_L_2025_01_14_20_55_37.ndpi,/rhf/allocations/dsci435/smithsonian_full_sp26/raw/C_418058_W_Nassichuk_L_2025_01_14_20_55_37.ndpi.ndpa,454,307,Cupuliferoipollenites spp.,Cupuliferoipollenites sp.,provisional_alias,Cupuliferoipollenites sp.,YES,circle,,Onenote check,False
C_418058_W_Nassichuk_L_2025_01_14_20_55_37,/rhf/allocations/dsci435/smithsonian_full_sp26/raw/C_418058_W_Nassichuk_L_2025_01_14_20_55_37.ndpi,/rhf/allocations/dsci435/smithsonian_full_sp26/raw/C_418058_W_Nassichuk_L_2025_01_14_20_55_37.ndpi.ndpa,465,315,Indet,Indet.,provisional_alias,Paly | Pediastrum | paly | paly?,NO,circle,,checked,False
C_418058_W_Nassichuk_L_2025_01_14_20_55_37,/rhf/allocations/dsci435/smithsonian_full_sp26/raw/C_418058_W_Nassichuk_L_2025_01_14_20_55_37.ndpi,/rhf/allocations/dsci435/smithsonian_full_sp26/raw/C_418058_W_Nassichuk_L_2025_01_14_20_55_37.ndpi.ndpa,467,316,Cupuliferoipollenites spp.,Cupuliferoipollenites sp.,provisional_alias,Cupuliferoipollenites sp.,YES,circle,,checked,False
C_418058_W_Nassichuk_L_2025_01_14_20_55_37,/rhf/allocations/dsci435/smithsonian_full_sp26/raw/C_418058_W_Nassichuk_L_2025_01_14_20_55_37.ndpi,/rhf/allocations/dsci435/smithsonian_full_sp26/raw/C_418058_W_Nassichuk_L_2025_01_14_20_55_37.ndpi.ndpa,475,323,Indet,Indet.,provisional_alias,Paly | Pediastrum | paly | paly?,NO,circle,,checked,False
C_418058_W_Nassichuk_R_2025_01_21_14_59_16_Alaska,/rhf/allocations/dsci435/smithsonian_full_sp26/raw/Images_with_annotations_for_CNN_training/C_418058_W_Nassichuk_R_2025_01_21_14_59_16_Alaska.ndpi,/rhf/allocations/dsci435/smithsonian_full_sp26/raw/Images_with_annotations_for_CNN_training/C_418058_W_Nassichuk_R_2025_01_21_14_59_16_Alaska.ndpi.ndpa,94,93,Alnipollenites,Alnipollenites verus,provisional_alias,Alnipollenites sp.,YES,circle,,,False
C_418081_W_Nassichuk_R_2025_01_21_12_58_10_Alaska,/rhf/allocations/dsci435/smithsonian_full_sp26/raw/Images_with_annotations_for_CNN_training/C_418081_W_Nassichuk_R_2025_01_21_12_58_10_Alaska.ndpi,/rhf/allocations/dsci435/smithsonian_full_sp26/raw/Images_with_annotations_for_CNN_training/C_418081_W_Nassichuk_R_2025_01_21_12_58_10_Alaska.ndpi.ndpa,17,15,Alnipollenites,Alnipollenites verus,provisional_alias,Alnipollenites sp.,YES,circle,,,False
C_418081_W_Nassichuk_R_2025_01_21_12_58_10_Alaska,/rhf/allocations/dsci435/smithsonian_full_sp26/raw/Images_with_annotations_for_CNN_training/C_418081_W_Nassichuk_R_2025_01_21_12_58_10_Alaska.ndpi,/rhf/allocations/dsci435/smithsonian_full_sp26/raw/Images_with_annotations_for_CNN_training/C_418081_W_Nassichuk_R_2025_01_21_12_58_10_Alaska.ndpi.ndpa,56,54,Alnipollenites,Alnipollenites verus,provisional_alias,Alnipollenites sp.,YES,circle,,,False
C_418081_W_Nassichuk_R_2025_01_21_12_58_10_Alaska,/rhf/allocations/dsci435/smithsonian_full_sp26/raw/Images_with_annotations_for_CNN_training/C_418081_W_Nassichuk_R_2025_01_21_12_58_10_Alaska.ndpi,/rhf/allocations/dsci435/smithsonian_full_sp26/raw/Images_with_annotations_for_CNN_training/C_418081_W_Nassichuk_R_2025_01_21_12_58_10_Alaska.ndpi.ndpa,114,112,Alnipollenites,Alnipollenites verus,provisional_alias,Alnipollenites sp.,YES,circle,,,False
C_418107_W_Nassichuk_R_2025_01_21_11_16_25_Alaska,/rhf/allocations/dsci435/smithsonian_full_sp26/raw/Images_with_annotations_for_CNN_training/C_418107_W_Nassichuk_R_2025_01_21_11_16_25_Alaska.ndpi,/rhf/allocations/dsci435/smithsonian_full_sp26/raw/Images_with_annotations_for_CNN_training/C_418107_W_Nassichuk_R_2025_01_21_11_16_25_Alaska.ndpi.ndpa,15,14,Alnipollenites,Alnipollenites verus,provisional_alias,Alnipollenites sp.,YES,circle,,,False
C_418107_W_Nassichuk_R_2025_01_21_11_16_25_Alaska,/rhf/allocations/dsci435/smithsonian_full_sp26/raw/Images_with_annotations_for_CNN_training/C_418107_W_Nassichuk_R_2025_01_21_11_16_25_Alaska.ndpi,/rhf/allocations/dsci435/smithsonian_full_sp26/raw/Images_with_annotations_for_CNN_training/C_418107_W_Nassichuk_R_2025_01_21_11_16_25_Alaska.ndpi.ndpa,24,23,Alnipollenites,Alnipollenites verus,provisional_alias,Alnipollenites sp.,YES,circle,,,False
C_418107_W_Nassichuk_R_2025_01_21_11_16_25_Alaska,/rhf/allocations/dsci435/smithsonian_full_sp26/raw/Images_with_annotations_for_CNN_training/C_418107_W_Nassichuk_R_2025_01_21_11_16_25_Alaska.ndpi,/rhf/allocations/dsci435/smithsonian_full_sp26/raw/Images_with_annotations_for_CNN_training/C_418107_W_Nassichuk_R_2025_01_21_11_16_25_Alaska.ndpi.ndpa,25,24,Alnipollenites,Alnipollenites verus,provisional_alias,Alnipollenites sp.,YES,circle,,,False
C_418107_W_Nassichuk_R_2025_01_21_11_16_25_Alaska,/rhf/allocations/dsci435/smithsonian_full_sp26/raw/Images_with_annotations_for_CNN_training/C_418107_W_Nassichuk_R_2025_01_21_11_16_25_Alaska.ndpi,/rhf/allocations/dsci435/smithsonian_full_sp26/raw/Images_with_annotations_for_CNN_training/C_418107_W_Nassichuk_R_2025_01_21_11_16_25_Alaska.ndpi.ndpa,62,61,Alnipollenites,Alnipollenites verus,provisional_alias,Alnipollenites sp.,YES,circle,,,False
C_418114_W_Nassichuk_L_2025_01_14_16_15_48_Alaska,/rhf/allocations/dsci435/smithsonian_full_sp26/raw/Images_with_annotations_for_CNN_training/C_418114_W_Nassichuk_L_2025_01_14_16_15_48_Alaska.ndpi,/rhf/allocations/dsci435/smithsonian_full_sp26/raw/Images_with_annotations_for_CNN_training/C_418114_W_Nassichuk_L_2025_01_14_16_15_48_Alaska.ndpi.ndpa,54,53,Alnipollenites,Alnipollenites verus,provisional_alias,Alnipollenites sp.,YES,circle,,,False
C_418114_W_Nassichuk_L_2025_01_14_16_15_48_Alaska,/rhf/allocations/dsci435/smithsonian_full_sp26/raw/Images_with_annotations_for_CNN_training/C_418114_W_Nassichuk_L_2025_01_14_16_15_48_Alaska.ndpi,/rhf/allocations/dsci435/smithsonian_full_sp26/raw/Images_with_annotations_for_CNN_training/C_418114_W_Nassichuk_L_2025_01_14_16_15_48_Alaska.ndpi.ndpa,84,83,Alnipollenites,Alnipollenites verus,provisional_alias,Alnipollenites sp.,YES,circle,,,False
C_418114_W_Nassichuk_L_2025_01_14_16_15_48_Alaska,/rhf/allocations/dsci435/smithsonian_full_sp26/raw/Images_with_annotations_for_CNN_training/C_418114_W_Nassichuk_L_2025_01_14_16_15_48_Alaska.ndpi,/rhf/allocations/dsci435/smithsonian_full_sp26/raw/Images_with_annotations_for_CNN_training/C_418114_W_Nassichuk_L_2025_01_14_16_15_48_Alaska.ndpi.ndpa,120,119,Alnipollenites,Alnipollenites verus,provisional_alias,Alnipollenites sp.,YES,circle,,,False
C_418114_W_Nassichuk_L_2025_01_14_16_15_48_Alaska,/rhf/allocations/dsci435/smithsonian_full_sp26/raw/Images_with_annotations_for_CNN_training/C_418114_W_Nassichuk_L_2025_01_14_16_15_48_Alaska.ndpi,/rhf/allocations/dsci435/smithsonian_full_sp26/raw/Images_with_annotations_for_CNN_training/C_418114_W_Nassichuk_L_2025_01_14_16_15_48_Alaska.ndpi.ndpa,121,120,Alnipollenites,Alnipollenites verus,provisional_alias,Alnipollenites sp.,YES,circle,,,False
C_418114_W_Nassichuk_L_2025_01_14_16_15_48_Alaska,/rhf/allocations/dsci435/smithsonian_full_sp26/raw/Images_with_annotations_for_CNN_training/C_418114_W_Nassichuk_L_2025_01_14_16_15_48_Alaska.ndpi,/rhf/allocations/dsci435/smithsonian_full_sp26/raw/Images_with_annotations_for_CNN_training/C_418114_W_Nassichuk_L_2025_01_14_16_15_48_Alaska.ndpi.ndpa,138,137,Alnipollenites,Alnipollenites verus,provisional_alias,Alnipollenites sp.,YES,circle,,,False
C_418114_W_Nassichuk_L_2025_01_14_16_15_48_Alaska,/rhf/allocations/dsci435/smithsonian_full_sp26/raw/Images_with_annotations_for_CNN_training/C_418114_W_Nassichuk_L_2025_01_14_16_15_48_Alaska.ndpi,/rhf/allocations/dsci435/smithsonian_full_sp26/raw/Images_with_annotations_for_CNN_training/C_418114_W_Nassichuk_L_2025_01_14_16_15_48_Alaska.ndpi.ndpa,153,152,Alnipollenites,Alnipollenites verus,provisional_alias,Alnipollenites sp.,YES,circle,,,False
C_418114_W_Nassichuk_L_2025_01_14_16_15_48_Alaska,/rhf/allocations/dsci435/smithsonian_full_sp26/raw/Images_with_annotations_for_CNN_training/C_418114_W_Nassichuk_L_2025_01_14_16_15_48_Alaska.ndpi,/rhf/allocations/dsci435/smithsonian_full_sp26/raw/Images_with_annotations_for_CNN_training/C_418114_W_Nassichuk_L_2025_01_14_16_15_48_Alaska.ndpi.ndpa,185,184,Alnipollenites,Alnipollenites verus,provisional_alias,Alnipollenites sp.,YES,circle,,,False
C_418114_W_Nassichuk_L_2025_01_14_16_15_48_Alaska,/rhf/allocations/dsci435/smithsonian_full_sp26/raw/Images_with_annotations_for_CNN_training/C_418114_W_Nassichuk_L_2025_01_14_16_15_48_Alaska.ndpi,/rhf/allocations/dsci435/smithsonian_full_sp26/raw/Images_with_annotations_for_CNN_training/C_418114_W_Nassichuk_L_2025_01_14_16_15_48_Alaska.ndpi.ndpa,201,200,Alnipollenites,Alnipollenites verus,provisional_alias,Alnipollenites sp.,YES,circle,,,False
C_418114_W_Nassichuk_L_2025_01_14_16_15_48_Alaska,/rhf/allocations/dsci435/smithsonian_full_sp26/raw/Images_with_annotations_for_CNN_training/C_418114_W_Nassichuk_L_2025_01_14_16_15_48_Alaska.ndpi,/rhf/allocations/dsci435/smithsonian_full_sp26/raw/Images_with_annotations_for_CNN_training/C_418114_W_Nassichuk_L_2025_01_14_16_15_48_Alaska.ndpi.ndpa,218,217,Alnipollenites,Alnipollenites verus,provisional_alias,Alnipollenites sp.,YES,circle,,,False
C_418114_W_Nassichuk_L_2025_01_14_16_15_48_Alaska,/rhf/allocations/dsci435/smithsonian_full_sp26/raw/Images_with_annotations_for_CNN_training/C_418114_W_Nassichuk_L_2025_01_14_16_15_48_Alaska.ndpi,/rhf/allocations/dsci435/smithsonian_full_sp26/raw/Images_with_annotations_for_CNN_training/C_418114_W_Nassichuk_L_2025_01_14_16_15_48_Alaska.ndpi.ndpa,244,243,Alnipollenites,Alnipollenites verus,provisional_alias,Alnipollenites sp.,YES,circle,,,False
C_418114_W_Nassichuk_L_2025_01_14_16_15_48_Alaska,/rhf/allocations/dsci435/smithsonian_full_sp26/raw/Images_with_annotations_for_CNN_training/C_418114_W_Nassichuk_L_2025_01_14_16_15_48_Alaska.ndpi,/rhf/allocations/dsci435/smithsonian_full_sp26/raw/Images_with_annotations_for_CNN_training/C_418114_W_Nassichuk_L_2025_01_14_16_15_48_Alaska.ndpi.ndpa,249,248,Alnipollenites,Alnipollenites verus,provisional_alias,Alnipollenites sp.,YES,circle,,,False
D1911_1_2024_02_29_18_10_06_Wyoming,/rhf/allocations/dsci435/smithsonian_full_sp26/raw/Images_with_annotations_for_CNN_training/D1911_1_2024_02_29_18_10_06_Wyoming.ndpi,/rhf/allocations/dsci435/smithsonian_full_sp26/raw/Images_with_annotations_for_CNN_training/D1911_1_2024_02_29_18_10_06_Wyoming.ndpi.ndpa,65,64,Bombacacidites,Bombacacidites sp.,provisional_alias,Bombacacidites sp.,YES,circle,,,False
D3094_1_L_2024_02_20_11_32_26_Colorado,/rhf/allocations/dsci435/smithsonian_full_sp26/raw/Images_with_annotations_for_CNN_training/D3094_1_L_2024_02_20_11_32_26_Colorado.ndpi,/rhf/allocations/dsci435/smithsonian_full_sp26/raw/Images_with_annotations_for_CNN_training/D3094_1_L_2024_02_20_11_32_26_Colorado.ndpi.ndpa,27,26,Platycaryapollenites swasticoides,Platycaryapollenites swasticoidus,provisional_alias,Platycaryapollenites swasticoidus,YES,circle,,,False
D3094_1_L_2024_02_20_11_32_26_Colorado,/rhf/allocations/dsci435/smithsonian_full_sp26/raw/Images_with_annotations_for_CNN_training/D3094_1_L_2024_02_20_11_32_26_Colorado.ndpi,/rhf/allocations/dsci435/smithsonian_full_sp26/raw/Images_with_annotations_for_CNN_training/D3094_1_L_2024_02_20_11_32_26_Colorado.ndpi.ndpa,72,71,Arecipites,Arecipites sp.,provisional_alias,Arecipites sp.,YES,circle,,,False
D3094_1_L_2024_02_20_11_32_26_Colorado,/rhf/allocations/dsci435/smithsonian_full_sp26/raw/Images_with_annotations_for_CNN_training/D3094_1_L_2024_02_20_11_32_26_Colorado.ndpi,/rhf/allocations/dsci435/smithsonian_full_sp26/raw/Images_with_annotations_for_CNN_training/D3094_1_L_2024_02_20_11_32_26_Colorado.ndpi.ndpa,113,112,Triporopollenites,Triporites sp.,provisional_alias,Triporopollenites sp.,MAYBE,circle,,,False
D3283-2_2024_02_06_15_37_28_Kentucky,/rhf/allocations/dsci435/smithsonian_full_sp26/raw/Images_with_annotations_for_CNN_training/D3283-2_2024_02_06_15_37_28_Kentucky.ndpi,/rhf/allocations/dsci435/smithsonian_full_sp26/raw/Images_with_annotations_for_CNN_training/D3283-2_2024_02_06_15_37_28_Kentucky.ndpi.ndpa,28,25,Arecipites,Arecipites sp.,provisional_alias,Arecipites sp.,YES,circle,,,False
D3408_1_R_2024_02_20_19_10_35_Texas,/rhf/allocations/dsci435/smithsonian_full_sp26/raw/Images_with_annotations_for_CNN_training/D3408_1_R_2024_02_20_19_10_35_Texas.ndpi,/rhf/allocations/dsci435/smithsonian_full_sp26/raw/Images_with_annotations_for_CNN_training/D3408_1_R_2024_02_20_19_10_35_Texas.ndpi.ndpa,71,69,Arecipites,Arecipites sp.,provisional_alias,Arecipites sp.,YES,circle,,,False
D3408_1_R_2024_02_20_19_10_35_Texas,/rhf/allocations/dsci435/smithsonian_full_sp26/raw/Images_with_annotations_for_CNN_training/D3408_1_R_2024_02_20_19_10_35_Texas.ndpi,/rhf/allocations/dsci435/smithsonian_full_sp26/raw/Images_with_annotations_for_CNN_training/D3408_1_R_2024_02_20_19_10_35_Texas.ndpi.ndpa,90,87,Tetracolporopollenites,Tetracolporopollenites sp.,provisional_alias,Tetracolporopollenites sp.,YES,circle,,,False
D3408_1_R_2024_02_20_19_10_35_Texas,/rhf/allocations/dsci435/smithsonian_full_sp26/raw/Images_with_annotations_for_CNN_training/D3408_1_R_2024_02_20_19_10_35_Texas.ndpi,/rhf/allocations/dsci435/smithsonian_full_sp26/raw/Images_with_annotations_for_CNN_training/D3408_1_R_2024_02_20_19_10_35_Texas.ndpi.ndpa,103,100,Arecipites,Arecipites sp.,provisional_alias,Arecipites sp.,YES,circle,,,False
D3408_1_R_2024_02_20_19_10_35_Texas,/rhf/allocations/dsci435/smithsonian_full_sp26/raw/Images_with_annotations_for_CNN_training/D3408_1_R_2024_02_20_19_10_35_Texas.ndpi,/rhf/allocations/dsci435/smithsonian_full_sp26/raw/Images_with_annotations_for_CNN_training/D3408_1_R_2024_02_20_19_10_35_Texas.ndpi.ndpa,107,104,Liliacidites,Arecipites sp.,provisional_alias,Liliacidites sp.,YES,circle,,,False
D3408_1_R_2024_02_20_19_10_35_Texas,/rhf/allocations/dsci435/smithsonian_full_sp26/raw/Images_with_annotations_for_CNN_training/D3408_1_R_2024_02_20_19_10_35_Texas.ndpi,/rhf/allocations/dsci435/smithsonian_full_sp26/raw/Images_with_annotations_for_CNN_training/D3408_1_R_2024_02_20_19_10_35_Texas.ndpi.ndpa,109,106,Tetracolporopollenites,Tetracolporopollenites sp.,provisional_alias,Tetracolporopollenites sp.,YES,circle,,,False
D3408_1_R_2024_02_20_19_10_35_Texas,/rhf/allocations/dsci435/smithsonian_full_sp26/raw/Images_with_annotations_for_CNN_training/D3408_1_R_2024_02_20_19_10_35_Texas.ndpi,/rhf/allocations/dsci435/smithsonian_full_sp26/raw/Images_with_annotations_for_CNN_training/D3408_1_R_2024_02_20_19_10_35_Texas.ndpi.ndpa,127,124,Tetracolporopollenites,Tetracolporopollenites sp.,provisional_alias,Tetracolporopollenites sp.,YES,circle,,,False
D3408_1_R_2024_02_20_19_10_35_Texas,/rhf/allocations/dsci435/smithsonian_full_sp26/raw/Images_with_annotations_for_CNN_training/D3408_1_R_2024_02_20_19_10_35_Texas.ndpi,/rhf/allocations/dsci435/smithsonian_full_sp26/raw/Images_with_annotations_for_CNN_training/D3408_1_R_2024_02_20_19_10_35_Texas.ndpi.ndpa,356,351,Liliacidites,Arecipites sp.,provisional_alias,Liliacidites sp.,YES,circle,,,False
D3516-A_1_L_2024_02_20_12_51_02_Montana,/rhf/allocations/dsci435/smithsonian_full_sp26/raw/Images_with_annotations_for_CNN_training/D3516-A_1_L_2024_02_20_12_51_02_Montana.ndpi,/rhf/allocations/dsci435/smithsonian_full_sp26/raw/Images_with_annotations_for_CNN_training/D3516-A_1_L_2024_02_20_12_51_02_Montana.ndpi.ndpa,31,30,Bombacacidites,Bombacacidites sp.,provisional_alias,Bombacacidites sp.,YES,circle,,,False
D3516-B_2_L_2024_02_20_14_24_29_Montana,/rhf/allocations/dsci435/smithsonian_full_sp26/raw/Images_with_annotations_for_CNN_training/D3516-B_2_L_2024_02_20_14_24_29_Montana.ndpi,/rhf/allocations/dsci435/smithsonian_full_sp26/raw/Images_with_annotations_for_CNN_training/D3516-B_2_L_2024_02_20_14_24_29_Montana.ndpi.ndpa,55,54,Bombacacidites,Bombacacidites sp.,provisional_alias,Bombacacidites sp.,YES,circle,,,False
D4220-A_L_2024-02-06_11_51_42_Maryland,/rhf/allocations/dsci435/smithsonian_full_sp26/raw/Images_with_annotations_for_CNN_training/D4220-A_L_2024-02-06_11_51_42_Maryland.ndpi,/rhf/allocations/dsci435/smithsonian_full_sp26/raw/Images_with_annotations_for_CNN_training/D4220-A_L_2024-02-06_11_51_42_Maryland.ndpi.ndpa,56,55,Retitricolpites,Retitricolpites sp.,provisional_alias,Retitricolpites sp.,MAYBE,circle,,,False
D4220_A_L_2024_02_06_11_51_42_Maryland,/rhf/allocations/dsci435/smithsonian_full_sp26/raw/Images_with_annotations_for_CNN_training/D4220_A_L_2024_02_06_11_51_42_Maryland.ndpi,/rhf/allocations/dsci435/smithsonian_full_sp26/raw/Images_with_annotations_for_CNN_training/D4220_A_L_2024_02_06_11_51_42_Maryland.ndpi.ndpa,56,52,Retitrescolpites cf. catenatus,Retitricolpites sp.,provisional_alias,Retitrescolpites,MAYBE,circle,,,False
D4354_3_R_2024_02_05_12_39_12_Arkansas,/rhf/allocations/dsci435/smithsonian_full_sp26/raw/Images_with_annotations_for_CNN_training/D4354_3_R_2024_02_05_12_39_12_Arkansas.ndpi,/rhf/allocations/dsci435/smithsonian_full_sp26/raw/Images_with_annotations_for_CNN_training/D4354_3_R_2024_02_05_12_39_12_Arkansas.ndpi.ndpa,27,26,Triporopollenites,Triporites sp.,provisional_alias,Triporopollenites sp.,MAYBE,circle,,,False
D5542_1_L_2024_02_06_10_55_26_Colorado,/rhf/allocations/dsci435/smithsonian_full_sp26/raw/Images_with_annotations_for_CNN_training/D5542_1_L_2024_02_06_10_55_26_Colorado.ndpi,/rhf/allocations/dsci435/smithsonian_full_sp26/raw/Images_with_annotations_for_CNN_training/D5542_1_L_2024_02_06_10_55_26_Colorado.ndpi.ndpa,2,1,Ulmipollenites undulosus,Ulmipollenites sp.,provisional_alias,Ulmipollenites sp. | Ulmipollenites tricostatus,YES,circle,,,False
D5542_1_L_2024_02_06_10_55_26_Colorado,/rhf/allocations/dsci435/smithsonian_full_sp26/raw/Images_with_annotations_for_CNN_training/D5542_1_L_2024_02_06_10_55_26_Colorado.ndpi,/rhf/allocations/dsci435/smithsonian_full_sp26/raw/Images_with_annotations_for_CNN_training/D5542_1_L_2024_02_06_10_55_26_Colorado.ndpi.ndpa,6,5,Triporopollenites,Triporites sp.,provisional_alias,Triporopollenites sp.,MAYBE,circle,,,False
D5542_1_L_2024_02_06_10_55_26_Colorado,/rhf/allocations/dsci435/smithsonian_full_sp26/raw/Images_with_annotations_for_CNN_training/D5542_1_L_2024_02_06_10_55_26_Colorado.ndpi,/rhf/allocations/dsci435/smithsonian_full_sp26/raw/Images_with_annotations_for_CNN_training/D5542_1_L_2024_02_06_10_55_26_Colorado.ndpi.ndpa,12,11,Ulmipollenites,Ulmipollenites sp.,provisional_alias,Ulmipollenites sp.,YES,circle,,,False
D5542_1_L_2024_02_06_10_55_26_Colorado,/rhf/allocations/dsci435/smithsonian_full_sp26/raw/Images_with_annotations_for_CNN_training/D5542_1_L_2024_02_06_10_55_26_Colorado.ndpi,/rhf/allocations/dsci435/smithsonian_full_sp26/raw/Images_with_annotations_for_CNN_training/D5542_1_L_2024_02_06_10_55_26_Colorado.ndpi.ndpa,29,28,Triporopollenites,Triporites sp.,provisional_alias,Triporopollenites sp.,MAYBE,circle,,,False
D5542_1_L_2024_02_06_10_55_26_Colorado,/rhf/allocations/dsci435/smithsonian_full_sp26/raw/Images_with_annotations_for_CNN_training/D5542_1_L_2024_02_06_10_55_26_Colorado.ndpi,/rhf/allocations/dsci435/smithsonian_full_sp26/raw/Images_with_annotations_for_CNN_training/D5542_1_L_2024_02_06_10_55_26_Colorado.ndpi.ndpa,36,35,Bombacacidites,Bombacacidites sp.,provisional_alias,Bombacacidites sp.,YES,circle,,,False
D5542_1_L_2024_02_06_10_55_26_Colorado,/rhf/allocations/dsci435/smithsonian_full_sp26/raw/Images_with_annotations_for_CNN_training/D5542_1_L_2024_02_06_10_55_26_Colorado.ndpi,/rhf/allocations/dsci435/smithsonian_full_sp26/raw/Images_with_annotations_for_CNN_training/D5542_1_L_2024_02_06_10_55_26_Colorado.ndpi.ndpa,47,46,Fraxinoipollenites ,Retitricolpites sp.,provisional_alias,Fraxinoipollenites sp.,MAYBE,circle,,,False
D5609_L_2024_03_01_11_15_57_Alaska,/rhf/allocations/dsci435/smithsonian_full_sp26/raw/Images_with_annotations_for_CNN_training/D5609_L_2024_03_01_11_15_57_Alaska.ndpi,/rhf/allocations/dsci435/smithsonian_full_sp26/raw/Images_with_annotations_for_CNN_training/D5609_L_2024_03_01_11_15_57_Alaska.ndpi.ndpa,50,49,Alnipollenites,Alnipollenites verus,provisional_alias,Alnipollenites sp.,YES,circle,,,False
D5609_L_2024_03_01_11_15_57_Alaska,/rhf/allocations/dsci435/smithsonian_full_sp26/raw/Images_with_annotations_for_CNN_training/D5609_L_2024_03_01_11_15_57_Alaska.ndpi,/rhf/allocations/dsci435/smithsonian_full_sp26/raw/Images_with_annotations_for_CNN_training/D5609_L_2024_03_01_11_15_57_Alaska.ndpi.ndpa,57,56,Alnipollenites,Alnipollenites verus,provisional_alias,Alnipollenites sp.,YES,circle,,,False
D5609_R_2024_03_01_15_10_09_Alaska,/rhf/allocations/dsci435/smithsonian_full_sp26/raw/Images_with_annotations_for_CNN_training/D5609_R_2024_03_01_15_10_09_Alaska.ndpi,/rhf/allocations/dsci435/smithsonian_full_sp26/raw/Images_with_annotations_for_CNN_training/D5609_R_2024_03_01_15_10_09_Alaska.ndpi.ndpa,6,1,Alnipollenites,Alnipollenites verus,provisional_alias,Alnipollenites sp.,YES,circle,,,False
D5609_R_2024_03_01_15_10_09_Alaska,/rhf/allocations/dsci435/smithsonian_full_sp26/raw/Images_with_annotations_for_CNN_training/D5609_R_2024_03_01_15_10_09_Alaska.ndpi,/rhf/allocations/dsci435/smithsonian_full_sp26/raw/Images_with_annotations_for_CNN_training/D5609_R_2024_03_01_15_10_09_Alaska.ndpi.ndpa,120,110,Alnipollenites,Alnipollenites verus,provisional_alias,Alnipollenites sp.,YES,circle,,,False
D8401-A_L_2024_01_18_13_05_54_Alaska,/rhf/allocations/dsci435/smithsonian_full_sp26/raw/Images_with_annotations_for_CNN_training/D8401-A_L_2024_01_18_13_05_54_Alaska.ndpi,/rhf/allocations/dsci435/smithsonian_full_sp26/raw/Images_with_annotations_for_CNN_training/D8401-A_L_2024_01_18_13_05_54_Alaska.ndpi.ndpa,95,10,Ericipites longisulcatus,Ericipites sp.,provisional_alias,Ericipites | Ericipites sp.,YES,circle,,,False
D8401-A_L_2024_01_18_13_05_54_Alaska,/rhf/allocations/dsci435/smithsonian_full_sp26/raw/Images_with_annotations_for_CNN_training/D8401-A_L_2024_01_18_13_05_54_Alaska.ndpi,/rhf/allocations/dsci435/smithsonian_full_sp26/raw/Images_with_annotations_for_CNN_training/D8401-A_L_2024_01_18_13_05_54_Alaska.ndpi.ndpa,145,52,Ericipites longisulcatus,Ericipites sp.,provisional_alias,Ericipites | Ericipites sp.,YES,circle,,,False
D8401-A_L_2024_01_18_13_05_54_Alaska,/rhf/allocations/dsci435/smithsonian_full_sp26/raw/Images_with_annotations_for_CNN_training/D8401-A_L_2024_01_18_13_05_54_Alaska.ndpi,/rhf/allocations/dsci435/smithsonian_full_sp26/raw/Images_with_annotations_for_CNN_training/D8401-A_L_2024_01_18_13_05_54_Alaska.ndpi.ndpa,154,61,Ericipites longisulcatus,Ericipites sp.,provisional_alias,Ericipites | Ericipites sp.,YES,circle,,,False
D8401-A_L_2024_01_18_13_05_54_Alaska,/rhf/allocations/dsci435/smithsonian_full_sp26/raw/Images_with_annotations_for_CNN_training/D8401-A_L_2024_01_18_13_05_54_Alaska.ndpi,/rhf/allocations/dsci435/smithsonian_full_sp26/raw/Images_with_annotations_for_CNN_training/D8401-A_L_2024_01_18_13_05_54_Alaska.ndpi.ndpa,169,76,Ericipites?,Ericipites sp.,provisional_alias,Ericipites | Ericipites sp.,YES,circle,,,False
D8401-A_L_2024_01_18_13_05_54_Alaska,/rhf/allocations/dsci435/smithsonian_full_sp26/raw/Images_with_annotations_for_CNN_training/D8401-A_L_2024_01_18_13_05_54_Alaska.ndpi,/rhf/allocations/dsci435/smithsonian_full_sp26/raw/Images_with_annotations_for_CNN_training/D8401-A_L_2024_01_18_13_05_54_Alaska.ndpi.ndpa,222,128,Ericipites longisulcatus,Ericipites sp.,provisional_alias,Ericipites | Ericipites sp.,YES,circle,,,False
D8401-A_L_2024_01_18_13_05_54_Alaska,/rhf/allocations/dsci435/smithsonian_full_sp26/raw/Images_with_annotations_for_CNN_training/D8401-A_L_2024_01_18_13_05_54_Alaska.ndpi,/rhf/allocations/dsci435/smithsonian_full_sp26/raw/Images_with_annotations_for_CNN_training/D8401-A_L_2024_01_18_13_05_54_Alaska.ndpi.ndpa,228,134,Alnipollenites,Alnipollenites verus,provisional_alias,Alnipollenites sp.,YES,circle,,,False
D8401-A_L_2024_01_18_13_05_54_Alaska,/rhf/allocations/dsci435/smithsonian_full_sp26/raw/Images_with_annotations_for_CNN_training/D8401-A_L_2024_01_18_13_05_54_Alaska.ndpi,/rhf/allocations/dsci435/smithsonian_full_sp26/raw/Images_with_annotations_for_CNN_training/D8401-A_L_2024_01_18_13_05_54_Alaska.ndpi.ndpa,249,155,Ericipites longisulcatus,Ericipites sp.,provisional_alias,Ericipites | Ericipites sp.,YES,circle,,,False
D8401-A_L_2024_01_18_13_05_54_Alaska,/rhf/allocations/dsci435/smithsonian_full_sp26/raw/Images_with_annotations_for_CNN_training/D8401-A_L_2024_01_18_13_05_54_Alaska.ndpi,/rhf/allocations/dsci435/smithsonian_full_sp26/raw/Images_with_annotations_for_CNN_training/D8401-A_L_2024_01_18_13_05_54_Alaska.ndpi.ndpa,315,221,Bombacacidites crassipites,Bombacacidites sp.,provisional_alias,Bombacacidites cf. annae | Bombacacidites sp.,YES,circle,,,False
D8401-A_L_2024_01_18_13_05_54_Alaska,/rhf/allocations/dsci435/smithsonian_full_sp26/raw/Images_with_annotations_for_CNN_training/D8401-A_L_2024_01_18_13_05_54_Alaska.ndpi,/rhf/allocations/dsci435/smithsonian_full_sp26/raw/Images_with_annotations_for_CNN_training/D8401-A_L_2024_01_18_13_05_54_Alaska.ndpi.ndpa,316,222,Alnipollenites,Alnipollenites verus,provisional_alias,Alnipollenites sp.,YES,circle,,,False
D8401-A_L_2024_01_18_13_05_54_Alaska,/rhf/allocations/dsci435/smithsonian_full_sp26/raw/Images_with_annotations_for_CNN_training/D8401-A_L_2024_01_18_13_05_54_Alaska.ndpi,/rhf/allocations/dsci435/smithsonian_full_sp26/raw/Images_with_annotations_for_CNN_training/D8401-A_L_2024_01_18_13_05_54_Alaska.ndpi.ndpa,324,229,Betulaceae?,Betulaceae,provisional_alias,Betulaceae | Betulaceae sp.,YES,circle,,,False
D8401-A_L_2024_01_18_13_05_54_Alaska,/rhf/allocations/dsci435/smithsonian_full_sp26/raw/Images_with_annotations_for_CNN_training/D8401-A_L_2024_01_18_13_05_54_Alaska.ndpi,/rhf/allocations/dsci435/smithsonian_full_sp26/raw/Images_with_annotations_for_CNN_training/D8401-A_L_2024_01_18_13_05_54_Alaska.ndpi.ndpa,355,260,Alnipollenites,Alnipollenites verus,provisional_alias,Alnipollenites sp.,YES,circle,,,False
D8401-A_L_2024_01_18_13_05_54_Alaska,/rhf/allocations/dsci435/smithsonian_full_sp26/raw/Images_with_annotations_for_CNN_training/D8401-A_L_2024_01_18_13_05_54_Alaska.ndpi,/rhf/allocations/dsci435/smithsonian_full_sp26/raw/Images_with_annotations_for_CNN_training/D8401-A_L_2024_01_18_13_05_54_Alaska.ndpi.ndpa,363,268,Ericipites longisulcatus,Ericipites sp.,provisional_alias,Ericipites | Ericipites sp.,YES,circle,,,False
D8401-A_L_2024_01_18_13_05_54_Alaska,/rhf/allocations/dsci435/smithsonian_full_sp26/raw/Images_with_annotations_for_CNN_training/D8401-A_L_2024_01_18_13_05_54_Alaska.ndpi,/rhf/allocations/dsci435/smithsonian_full_sp26/raw/Images_with_annotations_for_CNN_training/D8401-A_L_2024_01_18_13_05_54_Alaska.ndpi.ndpa,370,275,Ericipites longisulcatus,Ericipites sp.,provisional_alias,Ericipites | Ericipites sp.,YES,circle,,,False
D8401-A_L_2024_01_18_13_05_54_Alaska,/rhf/allocations/dsci435/smithsonian_full_sp26/raw/Images_with_annotations_for_CNN_training/D8401-A_L_2024_01_18_13_05_54_Alaska.ndpi,/rhf/allocations/dsci435/smithsonian_full_sp26/raw/Images_with_annotations_for_CNN_training/D8401-A_L_2024_01_18_13_05_54_Alaska.ndpi.ndpa,371,276,Ericipites longisulcatus,Ericipites sp.,provisional_alias,Ericipites | Ericipites sp.,YES,circle,,,False
D8401-A_L_2024_01_18_13_05_54_Alaska,/rhf/allocations/dsci435/smithsonian_full_sp26/raw/Images_with_annotations_for_CNN_training/D8401-A_L_2024_01_18_13_05_54_Alaska.ndpi,/rhf/allocations/dsci435/smithsonian_full_sp26/raw/Images_with_annotations_for_CNN_training/D8401-A_L_2024_01_18_13_05_54_Alaska.ndpi.ndpa,378,283,Ericipites longisulcatus,Ericipites sp.,provisional_alias,Ericipites | Ericipites sp.,YES,circle,,,False
D8401-A_L_2024_01_18_13_05_54_Alaska,/rhf/allocations/dsci435/smithsonian_full_sp26/raw/Images_with_annotations_for_CNN_training/D8401-A_L_2024_01_18_13_05_54_Alaska.ndpi,/rhf/allocations/dsci435/smithsonian_full_sp26/raw/Images_with_annotations_for_CNN_training/D8401-A_L_2024_01_18_13_05_54_Alaska.ndpi.ndpa,386,291,Alnipollenites,Alnipollenites verus,provisional_alias,Alnipollenites sp.,YES,circle,,,False
Giraffe_24_2_43_R_Giraffe_2025_01_14_10_06_00,/rhf/allocations/dsci435/smithsonian_full_sp26/raw/Images_with_annotations_for_CNN_training/Giraffe_24_2_43_R_Giraffe_2025_01_14_10_06_00.ndpi,/rhf/allocations/dsci435/smithsonian_full_sp26/raw/Images_with_annotations_for_CNN_training/Giraffe_24_2_43_R_Giraffe_2025_01_14_10_06_00.ndpi.ndpa,4,3,Alnipollenites,Alnipollenites verus,provisional_alias,Alnipollenites sp.,YES,circle,,,False
USNMPAL_792666_D1074_2024_01_26_10_32_56_N_Dakota,/rhf/allocations/dsci435/smithsonian_full_sp26/raw/Images_with_annotations_for_CNN_training/USNMPAL_792666_D1074_2024_01_26_10_32_56_N_Dakota.ndpi,/rhf/allocations/dsci435/smithsonian_full_sp26/raw/Images_with_annotations_for_CNN_training/USNMPAL_792666_D1074_2024_01_26_10_32_56_N_Dakota.ndpi.ndpa,20,19,Laevigatosporites ovatus,Laevigatosporites sp.,provisional_alias,Laevigatosporites | Laevigatosporites sp.,YES,circle,,,False
USNMPAL_792673_D1166_A_L_2023_11_09_12_47_47_Wyoming,/rhf/allocations/dsci435/smithsonian_full_sp26/raw/Images_with_annotations_for_CNN_training/USNMPAL_792673_D1166_A_L_2023_11_09_12_47_47_Wyoming.ndpi,/rhf/allocations/dsci435/smithsonian_full_sp26/raw/Images_with_annotations_for_CNN_training/USNMPAL_792673_D1166_A_L_2023_11_09_12_47_47_Wyoming.ndpi.ndpa,129,127,Liliacidites?,Arecipites sp.,provisional_alias,Liliacidites sp.,YES,circle,,,False
USNMPAL_792717_D1350_L_2024_02_20_15_21_31_Oregon,/rhf/allocations/dsci435/smithsonian_full_sp26/raw/Images_with_annotations_for_CNN_training/USNMPAL_792717_D1350_L_2024_02_20_15_21_31_Oregon.ndpi,/rhf/allocations/dsci435/smithsonian_full_sp26/raw/Images_with_annotations_for_CNN_training/USNMPAL_792717_D1350_L_2024_02_20_15_21_31_Oregon.ndpi.ndpa,48,46,Liliacidites,Arecipites sp.,provisional_alias,Liliacidites sp.,YES,circle,,,False
USNMPAL_792727_D1376_2024_01_22_16_00_33_Wyoming,/rhf/allocations/dsci435/smithsonian_full_sp26/raw/Images_with_annotations_for_CNN_training/USNMPAL_792727_D1376_2024_01_22_16_00_33_Wyoming.ndpi,/rhf/allocations/dsci435/smithsonian_full_sp26/raw/Images_with_annotations_for_CNN_training/USNMPAL_792727_D1376_2024_01_22_16_00_33_Wyoming.ndpi.ndpa,20,19,Stereisporites?,Stereisporites? sp.,provisional_alias,Stereisporites? sp.,NO,circle,,,False
USNMPAL_792854_D1668_L_2024_01_25_16_38_58_Kentucky,/rhf/allocations/dsci435/smithsonian_full_sp26/raw/Images_with_annotations_for_CNN_training/USNMPAL_792854_D1668_L_2024_01_25_16_38_58_Kentucky.ndpi,/rhf/allocations/dsci435/smithsonian_full_sp26/raw/Images_with_annotations_for_CNN_training/USNMPAL_792854_D1668_L_2024_01_25_16_38_58_Kentucky.ndpi.ndpa,5,4,Carya simplex,Caryapollenites sp.,provisional_alias,Carya sp.,YES,circle,,,False
USNMPAL_793367_D3702_R_2024_02_05_12_01_01_Tennessee,/rhf/allocations/dsci435/smithsonian_full_sp26/raw/Images_with_annotations_for_CNN_training/USNMPAL_793367_D3702_R_2024_02_05_12_01_01_Tennessee.ndpi,/rhf/allocations/dsci435/smithsonian_full_sp26/raw/Images_with_annotations_for_CNN_training/USNMPAL_793367_D3702_R_2024_02_05_12_01_01_Tennessee.ndpi.ndpa,30,28,Betulaceae type,Betulaceae,provisional_alias,Betulaceae | Betulaceae sp.,YES,circle,,,False
USNMPAL_793367_D3702_R_2024_02_05_12_01_01_Tennessee,/rhf/allocations/dsci435/smithsonian_full_sp26/raw/Images_with_annotations_for_CNN_training/USNMPAL_793367_D3702_R_2024_02_05_12_01_01_Tennessee.ndpi,/rhf/allocations/dsci435/smithsonian_full_sp26/raw/Images_with_annotations_for_CNN_training/USNMPAL_793367_D3702_R_2024_02_05_12_01_01_Tennessee.ndpi.ndpa,40,38,Arecipites,Arecipites sp.,provisional_alias,Arecipites sp.,YES,circle,,,False
USNMPAL_793367_D3702_R_2024_02_05_12_01_01_Tennessee,/rhf/allocations/dsci435/smithsonian_full_sp26/raw/Images_with_annotations_for_CNN_training/USNMPAL_793367_D3702_R_2024_02_05_12_01_01_Tennessee.ndpi,/rhf/allocations/dsci435/smithsonian_full_sp26/raw/Images_with_annotations_for_CNN_training/USNMPAL_793367_D3702_R_2024_02_05_12_01_01_Tennessee.ndpi.ndpa,46,44,Pistillipollenites,Pistillipollenites sp.,provisional_alias,Pistillipollenites sp.,YES,circle,,,False
USNMPAL_793367_D3702_R_2024_02_05_12_01_01_Tennessee,/rhf/allocations/dsci435/smithsonian_full_sp26/raw/Images_with_annotations_for_CNN_training/USNMPAL_793367_D3702_R_2024_02_05_12_01_01_Tennessee.ndpi,/rhf/allocations/dsci435/smithsonian_full_sp26/raw/Images_with_annotations_for_CNN_training/USNMPAL_793367_D3702_R_2024_02_05_12_01_01_Tennessee.ndpi.ndpa,92,90,Arecipites?,Arecipites sp.,provisional_alias,Arecipites reticulatus | Arecipites sp. | Arecipites tenuiexinous,YES,circle,,,False
USNM_792877_D1727_L_2024_03_14_10_25_59_Washington,/rhf/allocations/dsci435/smithsonian_full_sp26/raw/Images_with_annotations_for_CNN_training/USNM_792877_D1727_L_2024_03_14_10_25_59_Washington.ndpi,/rhf/allocations/dsci435/smithsonian_full_sp26/raw/Images_with_annotations_for_CNN_training/USNM_792877_D1727_L_2024_03_14_10_25_59_Washington.ndpi.ndpa,7,6,Bombacacidites,Bombacacidites sp.,provisional_alias,Bombacacidites sp.,YES,circle,,,False
USNM_792877_D1727_L_2024_03_14_10_25_59_Washington,/rhf/allocations/dsci435/smithsonian_full_sp26/raw/Images_with_annotations_for_CNN_training/USNM_792877_D1727_L_2024_03_14_10_25_59_Washington.ndpi,/rhf/allocations/dsci435/smithsonian_full_sp26/raw/Images_with_annotations_for_CNN_training/USNM_792877_D1727_L_2024_03_14_10_25_59_Washington.ndpi.ndpa,117,116,Bombacacidites,Bombacacidites sp.,provisional_alias,Bombacacidites sp.,YES,circle,,,False
USNM_792877_D1727_L_2024_03_14_10_25_59_Washington,/rhf/allocations/dsci435/smithsonian_full_sp26/raw/Images_with_annotations_for_CNN_training/USNM_792877_D1727_L_2024_03_14_10_25_59_Washington.ndpi,/rhf/allocations/dsci435/smithsonian_full_sp26/raw/Images_with_annotations_for_CNN_training/USNM_792877_D1727_L_2024_03_14_10_25_59_Washington.ndpi.ndpa,140,139,Alnipollenites,Alnipollenites verus,provisional_alias,Alnipollenites sp.,YES,circle,,,False
