category,total,train,validation,test,train_groups,validation_groups,test_groups
Alnipollenites verus,92,62,23,7,8,5,5
Arecipites sp.,81,65,11,5,10,5,4
Betulaceae,78,54,13,11,11,5,5
Bisaccate,313,160,32,121,20,7,5
Bombacacidites sp.,40,20,17,3,7,5,2
Caryapollenites sp.,95,80,12,3,10,3,3
Caryapollenites veripites,55,42,10,3,2,2,2
Cicatricosisporites sp.,52,42,1,9,2,1,1
Cupuliferoipollenites sp.,27,15,3,9,5,1,2
Ericipites sp.,54,47,3,4,5,3,3
Illexpollenites sp.,32,25,3,4,3,1,2
Inaperturopollenites sp.,43,30,7,6,8,3,2
Laevigatosporites sp.,38,21,3,14,9,1,2
Momipites flexus,38,34,1,3,2,1,2
Momipites sp,184,144,27,13,18,5,5
Momipites ventifluminis,61,58,1,2,4,1,1
Momipites wyomingensis,51,21,21,9,7,3,2
Monocolpites sp.,80,51,25,4,13,4,2
Nudopollis sp.,89,85,3,1,2,1,1
Pistillipollenites sp.,64,61,1,2,4,1,2
Platycarya platycarioides,56,52,1,3,3,1,2
Platycaryapollenites swasticoidus,81,77,2,2,3,2,1
Polyatriopollenites type,43,28,9,6,5,2,5
Psilatricolpites sp.,61,26,18,17,10,3,5
Psilatriletes sp.,48,27,6,15,12,3,4
Quercus sp.,44,38,3,3,5,1,2
Retipollenites sp.,75,73,0,2,2,0,1
Rhoipites sp.,65,41,6,18,9,3,2
Rousea sp.,52,34,12,6,12,3,3
Taxodium sp.,61,25,33,3,11,3,1
Tetracolporopollenites sp.,67,40,8,19,3,1,2
Ulmipollenites sp.,63,27,32,4,7,3,1
