classifier_class_id,sponsor_category,priority
0,Alnipollenites verus,YES
1,Arecipites sp.,YES
2,Betulaceae,YES
3,Bisaccate,YES
4,Bombacacidites sp.,YES
5,Caryapollenites sp.,YES
6,Caryapollenites veripites,YES
7,Cicatricosisporites sp.,YES
8,Cupuliferoipollenites sp.,YES
9,Ericipites sp.,YES
10,Illexpollenites sp.,YES
11,Inaperturopollenites sp.,YES
12,Laevigatosporites sp.,YES
13,Momipites flexus,YES
14,Momipites sp,YES
15,Momipites ventifluminis,YES
16,Momipites wyomingensis,YES
17,Monocolpites sp.,YES
18,Nudopollis sp.,YES
19,Pistillipollenites sp.,YES
20,Platycarya platycarioides,YES
21,Platycaryapollenites swasticoidus,YES
22,Polyatriopollenites type,YES
23,Psilatricolpites sp.,YES
24,Psilatriletes sp.,YES
25,Quercus sp.,YES
26,Retipollenites sp.,YES
27,Rhoipites sp.,YES
28,Rousea sp.,YES
29,Taxodium sp.,YES
30,Tetracolporopollenites sp.,YES
31,Ulmipollenites sp.,YES
