category,priority,annotation_records,slides,largest_slide_count,spreadsheet_count,difference
Algae,NO,59,19,18,59,0
Alnipollenites verus,YES,92,20,21,92,0
Arecipites sp.,YES,81,20,32,81,0
Betulaceae,YES,78,25,32,78,0
Bisaccate,YES,316,42,44,316,0
Bombacacidites sp.,YES,40,17,10,40,0
Calamuspollenites?,NO,1,1,1,1,0
Caprifollipites sp.,NO,7,3,5,7,0
Caryapollenites sp.,YES,95,18,39,95,0
Caryapollenites veripites,YES,55,7,31,55,0
Cicatricosisporites sp.,YES,52,6,31,52,0
Clavaperipollenites,NO,1,1,1,1,0
Clavatricolpites sp.,NO,2,1,2,2,0
Cupuliferoipollenites sp.,YES,27,9,7,27,0
Dinocyst,NO,143,33,27,143,0
Echiperiporites akanthos,NO,2,2,1,2,0
Echipollenites sp.,NO,1,1,1,1,0
Echitricolpites microechinatus,NO,12,2,11,12,0
Ericipites sp.,YES,54,11,41,54,0
Fungi,NO,353,53,63,353,0
Gothanipollis sp.,NO,2,1,2,2,0
Hippocrateaceaedites sp.,NO,11,4,7,11,0
Illexpollenites sp.,YES,33,7,20,33,0
Inaperturopollenites sp.,YES,43,13,8,43,0
Indet.,NO,1944,81,133,1944,0
Juglans sp.,NO,1,1,1,1,0
Laevigatosporites sp.,YES,38,14,7,38,0
Momipites flexus,YES,38,6,32,38,0
Momipites sp,YES,184,34,71,184,0
Momipites ventifluminis,YES,61,6,35,61,0
Momipites wyomingensis,YES,51,14,18,51,0
Monocolpites sp.,YES,80,23,18,80,0
Monoporopollenites,NO,3,3,1,3,0
Nudopollis sp.,YES,89,5,81,89,0
Nyssapollenites sp.,NO,6,2,4,6,0
Periporites sp.,MAYBE,15,10,4,15,0
Pistillipollenites sp.,YES,64,7,55,64,0
Platycarya platycarioides,YES,56,6,43,56,0
Platycaryapollenites swasticoidus,YES,81,6,72,81,0
Polyatriopollenites type,YES,43,12,15,43,0
Polypodiaceoisporites sp.,NO,1,1,1,1,0
Polypodiisporites sp.,NO,2,2,1,2,0
Proxapertites sp.,NO,2,2,1,2,0
Psilatricolpites sp.,YES,61,18,16,61,0
Psilatriletes sp.,YES,48,21,7,48,0
Quercus sp.,YES,44,8,29,44,0
Retipollenites sp.,YES,75,3,72,75,0
Retitricolpites sp.,MAYBE,26,10,9,26,0
Retitricolporites coarsus,NO,1,1,1,1,0
Rhoipites sp.,YES,65,15,23,65,0
Rousea sp.,YES,54,20,15,54,0
Spinizonocolpites sp.,NO,3,3,1,3,0
Stereisporites? sp.,NO,1,1,1,1,0
Striatricolporites sp.,NO,4,4,1,4,0
Taxodium sp.,YES,62,19,29,62,0
Tetracolporopollenites sp.,YES,67,8,35,67,0
Tricolpites sp.,MAYBE,24,12,7,24,0
Tricolporites sp.,MAYBE,26,16,7,26,0
Triporites sp.,MAYBE,23,12,8,23,0
Tsuga,NO,11,4,4,11,0
Ulmipollenites sp.,YES,63,13,12,63,0
Verrucingulatisporites sp.,NO,4,4,1,4,0
Verrutricolpites sp.,NO,7,2,6,7,0
pollen,NO,6006,82,1252,6006,0
spore,NO,281,63,18,281,0
