category,priority,C_418058_W_Nassichuk_R_2025_01_21_14_59_16_Alaska,C_418070_W_Nassichuk_R_2025_01_21_14_17_12_Alaska,C_418080_W_Nassichuk_L_2025_01_14_19_14_58_Alaska,C_418081_W_Nassichuk_R_2025_01_21_12_58_10_Alaska,C_418107_W_Nassichuk_R_2025_01_21_11_16_25_Alaska,C_418109_W_Nassichuk_R_2025_01_21_10_57_19_Alaska,C_418114_W_Nassichuk_L_2025_01_14_16_15_48_Alaska,D1555_RAS_60_2023_04_20_15_40_35,D1821_1_L_2024_01_22_16_22_31_New_Mex,D1821_1_R_2024_01_23_15_01_49_New_Mex,D1910_2024_02_29_12_46_52_Wyoming,D1911_1_2024_02_29_18_10_06_Wyoming,D3094-1_R_2024_02_20_17_15_37_Colorado,D3094_1_L_2024_02_20_11_32_26_Colorado,D3202-D-1_R_2024_02_21_13_01_51_Louisiana,D3202_C_L_2024_02_20_12_31_51_Louisiana,D3202_C_R_2024_02_20_18_12_34_Kentucky,D3266-1_L_2024_02_01_13_49_20_Mississippi,D3268_A-2_L_2024_02_01_12_52_49_Alabama,D3283-2_2024_02_06_15_37_28_Kentucky,D3407-2_L_2024_02_20_13_28_48_Texas,D3408-1_L_2024_02_20_13_47_16_Texas,D3408_1_R_2024_02_20_19_10_35_Texas,D3516-A_1_L_2024_02_20_12_51_02_Montana,D3516-A_1_R_2024_02_20_18_31_40_Montana,D3516-B_2_L_2024_02_20_14_24_29_Montana,D3846_L_2024_02_20_11_51_22_N_Dakota,D3869-1_L_2024_02_20_12_12_54_Wyoming,D3869-1_R_2024_02_20_17_53_41_Wyoming,D4191_I_L_2024_02_06_12_10_36_Kentucky,D4200_2_2024_02_06_12_29_47_Wyoming,D4220-A_L_2024-02-06_11_51_42_Maryland,D4220_A_L_2024_02_06_11_51_42_Maryland,D4354_3_R_2024_02_05_12_39_12_Arkansas,D4919-A_1_L_2024_02_01_14_07_43_Georgia,D5151-B-1_L_2024_02_02_15_31_05_Tennessee,D5406_1_L_2024_02_09_10_25_26_Colorado,D5410_1_L_2024_02_09_10_06_56_Utah,D5410_1_R_2024_02_0911_03_13_Utah,D5542_1_L_2024_02_06_10_55_26_Colorado,D5542_1_R_2024_02_06_14_21_49_Colorado,D5609_L_2024_03_01_11_15_57_Alaska,D5609_R_2024_03_01_15_10_09_Alaska,D5825_L_2024_02_06_10_36_15_Utah,D5825_R_2024_02_06_14_02_54_Utah,D5964-1_L_2024_02_06_10_17_07_Wyoming,D6627-A-2_L_2024_02_02_12_53_43_Arkansas,D6627-A-2_R_2024_02_02_17_42_28_Arkansas,D8401-A_L_2024_01_18_13_05_54_Alaska,D9151-A-2_L_2024_02_02_16_08_52_Texas,Giraffe_20_1_95_R_Giraffe_2025_01_13_19_48_21,Giraffe_20_3_47_BLEACHED_R_Giraffe_2025_01_14_09_06_36,Giraffe_24_2_43_R_Giraffe_2025_01_14_10_06_00,Giraffe_26_3_146_L_Giraffe_2025_01_13_16_06_02,USNMPAL_792666_D1074_2024_01_26_10_32_56_N_Dakota,USNMPAL_792668_D1091_2024_01_25_16_57_52_Tennessee,USNMPAL_792673_D1166_A_L_2023_11_09_12_47_47_Wyoming,USNMPAL_792673_D1166_A_R_2023_11_09_15_17_21_Wyoming,USNMPAL_792715_D1298_L_2024_01_25_14_55_02_Wyoming,USNMPAL_792717_D1350_L_2024_02_20_15_21_31_Oregon,USNMPAL_792719_D1357_2023_11_09_10_41_27_Colorado,USNMPAL_792723_D1366-D_2024_09_19_09_27_16_Maryland,USNMPAL_792724_D1367_A_2024_01_25_15_32_32_Maryland,USNMPAL_792725_D1367-B_2024_09_19_09_45_18_S_Dakota,USNMPAL_792727_D1376_2024_01_22_16_00_33_Wyoming,USNMPAL_792733_D1388_L_2024_01_22_11_09_00_S_Dakota,USNMPAL_792738_D1392_A_R_2024_01_25_13_58_00_Wyoming,USNMPAL_792815_D1524_L_2024_01_26_10_53_45_Oregon,USNMPAL_792851_D1644_2024_01_26_11_12_23_California,USNMPAL_792852_D1667-A_L_2024_02_20_14_05_57_Kentucky,USNMPAL_792852_D1667-A_R_2024_02_2019_29_55_Kentucky,USNMPAL_792854_D1668_L_2024_01_25_16_38_58_Kentucky,USNMPAL_792924_D1820_2024-01-23_13_40_57_N_Mexico,USNMPAL_792930_D1825_L_2023_11_07_13_36_14_image1_Kentucky,USNMPAL_792954_D1890-4_L_2024_09_19_11_55_30_Kentucky,USNMPAL_793077_D3163-A_2024_07_29_10_45_13_Arkansas,USNMPAL_793367_D3702_L_2024_02_02_15_49_54_Tennessee,USNMPAL_793367_D3702_R_2024_02_05_12_01_01_Tennessee,USNMPAL_793471_D3915_L_2024-01-22_10_22_34_Alaska,USNMPAL_793471_D3915_L_2024_01_22_10_22_34_Alaska,USNMPAL_793472_D3916_R_2023_11_20_17_04_43_Alaska,USNMPAL_793576_D4117_L_2024_02_02_12_34_41_Arkansas,USNM_792877_D1727_L_2024_03_14_10_25_59_Washington
Algae,NO,0,2,0,0,0,0,0,0,0,0,0,0,0,1,0,0,3,0,0,18,0,0,0,2,0,0,0,0,1,1,0,1,0,4,0,0,0,2,0,1,0,0,0,0,5,0,0,0,0,0,0,0,0,0,0,0,0,0,4,0,4,0,0,0,0,1,0,0,0,0,0,1,0,0,0,0,0,2,3,3,0,0,0
Alnipollenites verus,YES,0,1,7,3,8,2,16,0,1,0,0,0,0,0,0,0,0,0,0,1,0,0,0,0,0,1,0,0,0,0,0,0,0,0,0,0,0,0,0,3,1,3,4,0,0,0,0,0,21,0,0,0,1,0,0,0,1,0,0,0,0,0,0,0,2,0,0,0,0,1,0,0,0,0,0,0,1,0,0,0,0,0,14
Arecipites sp.,YES,0,0,0,0,0,0,0,8,1,0,0,0,0,1,0,1,0,0,0,4,0,5,32,1,0,0,0,0,0,0,0,1,0,1,6,0,0,0,0,0,1,0,1,0,0,0,0,0,2,0,0,0,0,0,0,0,1,0,0,7,0,0,0,0,1,0,0,0,0,2,0,3,0,0,0,0,0,2,0,0,0,0,0
Betulaceae,YES,1,2,1,0,0,0,2,0,1,2,0,0,2,4,0,1,0,0,3,0,0,0,2,0,0,1,0,0,0,0,0,0,0,1,1,0,0,0,0,2,3,1,0,0,0,0,0,0,32,0,0,0,0,0,0,0,0,0,0,0,0,0,0,0,1,0,0,0,0,3,3,4,2,0,0,0,0,2,0,0,1,0,0
Bisaccate,YES,0,7,8,0,1,0,10,0,8,1,1,1,1,0,0,0,1,0,0,1,0,0,0,8,11,6,3,22,33,1,0,2,2,0,0,0,0,0,0,0,1,14,10,43,44,0,1,2,44,0,0,0,0,0,3,1,1,0,1,0,0,7,0,3,1,0,0,0,0,0,0,1,1,0,0,0,6,1,1,1,0,1,0
Bombacacidites sp.,YES,0,0,0,0,0,0,1,1,2,2,0,1,0,1,0,0,0,0,0,0,1,0,2,1,0,1,0,0,0,0,0,0,0,2,2,0,0,0,0,7,2,0,0,0,0,0,0,0,10,0,0,0,0,0,0,0,0,0,0,0,0,0,0,0,0,0,0,0,1,0,0,0,0,0,0,0,0,0,0,0,0,0,3
Calamuspollenites?,NO,0,0,0,0,0,0,0,0,0,0,0,0,0,0,0,0,0,0,0,0,0,0,0,0,0,0,0,0,0,0,0,0,0,0,0,0,0,0,0,0,0,0,0,0,0,0,0,0,0,0,0,0,0,0,0,0,0,0,0,0,0,0,0,0,0,0,0,0,0,0,0,0,0,0,0,0,0,0,0,0,1,0,0
Caprifollipites sp.,NO,0,0,1,0,0,0,0,0,1,0,0,0,0,0,0,0,0,0,0,0,0,0,5,0,0,0,0,0,0,0,0,0,0,0,0,0,0,0,0,0,0,0,0,0,0,0,0,0,0,0,0,0,0,0,0,0,0,0,0,0,0,0,0,0,0,0,0,0,0,0,0,0,0,0,0,0,0,0,0,0,0,0,0
Caryapollenites sp.,YES,0,0,4,0,0,0,1,1,0,0,0,0,1,9,0,0,1,0,0,0,0,0,39,0,0,0,0,0,0,0,0,0,0,3,0,0,0,0,0,2,6,0,0,0,0,0,0,0,12,0,0,0,0,0,0,0,3,0,0,0,3,2,0,0,1,0,0,0,1,0,0,5,1,0,0,0,0,0,0,0,0,0,0
Caryapollenites veripites,YES,0,0,0,0,0,0,1,0,0,0,0,0,0,0,0,0,0,0,0,0,0,0,11,0,0,0,0,0,0,0,0,0,0,0,0,0,0,0,0,5,4,0,0,0,0,0,0,0,0,0,0,0,0,0,0,0,0,0,0,0,0,0,0,0,1,0,0,0,2,0,0,31,0,0,0,0,0,0,0,0,0,0,0
Cicatricosisporites sp.,YES,0,0,0,0,0,0,0,0,0,0,0,0,0,0,0,4,5,0,0,0,0,10,31,0,0,0,0,0,0,0,0,0,0,0,1,0,0,0,0,0,0,0,0,0,0,0,0,0,0,0,0,0,0,0,0,0,0,0,0,0,0,0,0,0,0,0,0,1,0,0,0,0,0,0,0,0,0,0,0,0,0,0,0
Clavaperipollenites,NO,0,0,0,0,0,0,0,0,0,0,0,0,0,0,0,0,0,0,0,0,0,0,0,0,0,0,0,0,0,0,0,0,0,0,0,0,0,0,0,0,0,0,0,0,0,0,0,0,0,0,0,0,0,0,0,0,0,0,0,0,0,0,0,0,0,0,0,0,0,0,0,1,0,0,0,0,0,0,0,0,0,0,0
Clavatricolpites sp.,NO,0,0,0,0,0,0,0,0,0,0,0,0,0,0,0,0,0,0,0,2,0,0,0,0,0,0,0,0,0,0,0,0,0,0,0,0,0,0,0,0,0,0,0,0,0,0,0,0,0,0,0,0,0,0,0,0,0,0,0,0,0,0,0,0,0,0,0,0,0,0,0,0,0,0,0,0,0,0,0,0,0,0,0
Cupuliferoipollenites sp.,YES,4,0,1,0,0,0,0,0,0,0,0,0,0,0,0,6,0,0,0,0,0,0,7,0,0,0,0,0,0,0,0,0,0,0,0,0,0,0,0,2,1,0,0,0,0,0,0,0,2,0,0,0,0,0,0,0,0,0,0,0,0,0,0,0,0,0,0,0,0,3,0,1,0,0,0,0,0,0,0,0,0,0,0
Dinocyst,NO,0,1,0,2,0,0,4,0,0,0,1,4,0,0,7,14,27,0,0,2,0,0,0,1,2,5,0,1,0,6,0,8,11,1,0,0,7,0,0,0,5,1,0,1,0,0,0,1,0,0,0,0,0,0,0,0,0,2,0,0,0,10,0,1,0,1,0,0,0,0,0,1,0,0,5,0,1,0,1,1,1,7,0
Echiperiporites akanthos,NO,0,0,0,0,0,0,0,0,0,0,0,0,0,0,0,1,0,0,0,0,0,0,0,0,0,0,0,0,0,0,0,0,0,0,0,0,0,0,0,0,0,0,0,0,0,0,0,0,0,0,0,0,0,0,0,0,0,0,0,0,0,0,0,0,0,0,0,0,0,0,0,0,0,0,0,0,0,0,0,0,0,0,1
Echipollenites sp.,NO,0,0,0,0,0,0,0,1,0,0,0,0,0,0,0,0,0,0,0,0,0,0,0,0,0,0,0,0,0,0,0,0,0,0,0,0,0,0,0,0,0,0,0,0,0,0,0,0,0,0,0,0,0,0,0,0,0,0,0,0,0,0,0,0,0,0,0,0,0,0,0,0,0,0,0,0,0,0,0,0,0,0,0
Echitricolpites microechinatus,NO,0,0,0,0,0,0,0,0,0,0,0,0,0,0,0,0,0,0,0,0,0,0,0,0,0,1,0,0,0,0,0,0,0,0,0,0,0,0,0,0,0,0,0,0,0,0,0,0,11,0,0,0,0,0,0,0,0,0,0,0,0,0,0,0,0,0,0,0,0,0,0,0,0,0,0,0,0,0,0,0,0,0,0
Ericipites sp.,YES,0,1,1,0,0,0,1,0,0,0,0,0,0,0,0,0,0,0,0,0,0,0,1,0,0,1,0,0,0,0,0,0,0,0,0,0,0,0,0,0,0,0,0,0,0,0,0,1,41,0,0,0,1,0,0,0,1,0,0,0,0,0,0,0,0,0,0,0,0,2,0,3,0,0,0,0,0,0,0,0,0,0,0
Fungi,NO,0,0,0,0,5,0,0,0,1,0,2,0,0,0,5,7,6,0,6,0,6,63,53,1,1,0,3,2,1,4,1,1,1,0,6,4,6,9,4,0,0,0,4,1,0,1,4,9,14,7,0,1,2,0,1,0,1,1,14,10,1,2,3,2,0,3,0,5,3,5,3,0,0,0,1,1,2,2,0,0,0,2,50
Gothanipollis sp.,NO,0,0,0,0,0,0,0,0,0,0,0,0,0,0,0,0,0,0,0,0,0,0,0,0,0,0,0,0,0,0,0,0,0,0,0,0,0,0,0,0,0,0,0,0,0,0,0,0,0,0,0,0,0,0,0,0,0,0,0,0,0,0,0,0,0,0,0,0,0,0,0,2,0,0,0,0,0,0,0,0,0,0,0
Hippocrateaceaedites sp.,NO,1,2,7,1,0,0,0,0,0,0,0,0,0,0,0,0,0,0,0,0,0,0,0,0,0,0,0,0,0,0,0,0,0,0,0,0,0,0,0,0,0,0,0,0,0,0,0,0,0,0,0,0,0,0,0,0,0,0,0,0,0,0,0,0,0,0,0,0,0,0,0,0,0,0,0,0,0,0,0,0,0,0,0
Illexpollenites sp.,YES,0,0,0,0,0,0,0,0,0,0,0,0,0,0,0,3,0,0,0,0,3,0,20,0,0,0,0,0,0,0,0,0,1,0,0,0,0,0,0,0,0,1,0,0,0,0,0,0,4,0,0,0,0,0,0,0,0,0,0,0,0,0,0,0,0,0,0,0,0,1,0,0,0,0,0,0,0,0,0,0,0,0,0
Inaperturopollenites sp.,YES,8,5,0,0,0,0,5,0,1,0,0,0,0,4,0,0,0,0,0,0,0,0,2,1,0,0,0,0,0,0,0,0,1,0,0,0,0,0,0,0,1,0,0,0,0,0,0,0,6,0,0,0,0,0,0,0,0,0,0,0,0,0,0,0,0,0,0,0,0,0,0,3,0,0,0,0,0,0,0,5,1,0,0
Indet.,NO,32,15,31,10,15,19,44,0,6,18,27,36,73,59,16,34,32,13,10,12,8,69,52,24,19,39,13,24,23,16,23,15,16,6,8,6,91,47,24,11,30,24,69,13,19,6,8,40,16,14,19,13,12,12,22,0,23,30,12,16,133,22,10,8,9,37,5,18,4,2,1,8,7,2,43,37,22,1,22,22,25,63,9
Juglans sp.,NO,0,0,0,0,0,0,0,0,0,0,0,0,0,0,0,0,0,0,0,0,0,0,0,0,0,0,0,0,0,0,0,0,0,0,0,0,0,0,0,0,0,0,0,0,0,0,0,0,0,0,0,0,0,0,0,0,0,1,0,0,0,0,0,0,0,0,0,0,0,0,0,0,0,0,0,0,0,0,0,0,0,0,0
Laevigatosporites sp.,YES,0,0,0,0,0,0,0,1,0,0,0,0,0,0,0,0,0,0,0,0,0,0,5,7,0,4,0,0,0,0,0,0,0,1,0,0,0,0,0,1,2,0,0,0,0,0,0,0,2,0,0,0,0,0,2,0,0,0,0,1,0,0,0,0,0,0,0,0,3,0,0,1,0,0,0,0,0,0,0,6,2,0,0
Momipites flexus,YES,0,0,0,0,0,0,0,0,0,0,0,0,0,0,0,0,0,0,0,1,1,1,32,0,0,0,0,0,0,0,0,0,0,0,0,0,0,0,0,0,0,0,0,0,0,0,0,0,0,0,0,0,0,0,0,0,0,0,0,0,0,0,0,0,2,0,0,0,1,0,0,0,0,0,0,0,0,0,0,0,0,0,0
Momipites sp,YES,0,2,0,1,0,0,0,0,1,0,0,0,1,3,1,2,5,3,0,0,14,71,7,0,0,0,0,0,0,0,0,0,0,0,0,16,0,0,0,1,5,0,0,0,0,2,0,0,2,18,0,0,0,0,0,2,1,3,0,1,3,0,1,0,1,0,0,1,1,0,1,4,1,2,0,4,0,2,1,0,0,0,0
Momipites ventifluminis,YES,0,0,0,0,0,0,0,17,0,0,0,0,0,0,0,0,0,0,0,0,0,0,2,0,0,0,0,0,0,0,0,0,0,4,0,0,0,0,0,0,0,0,0,0,0,0,0,0,0,0,0,0,0,0,0,0,0,0,0,0,0,0,0,0,0,0,0,0,2,0,0,35,0,0,0,0,0,1,0,0,0,0,0
Momipites wyomingensis,YES,0,0,5,2,0,0,0,0,1,0,0,0,0,3,0,2,1,0,0,0,18,0,7,0,0,0,0,0,0,0,0,0,0,0,0,0,0,0,0,2,0,0,1,0,0,0,0,0,0,0,0,0,0,0,1,0,0,0,0,0,0,0,0,0,0,0,0,0,0,4,2,2,0,0,0,0,0,0,0,0,0,0,0
Monocolpites sp.,YES,0,0,0,0,0,0,2,12,0,0,0,1,0,2,0,0,0,0,0,2,0,1,17,0,0,0,0,0,0,0,0,0,0,1,18,1,0,0,0,1,1,0,0,0,0,0,0,0,4,0,0,0,0,0,0,1,2,1,0,1,0,0,0,4,3,0,0,0,0,1,0,0,0,0,0,0,0,0,1,1,0,0,2
Monoporopollenites,NO,0,0,0,0,0,0,0,0,0,0,0,0,0,0,0,0,0,0,0,0,0,0,0,0,0,0,0,1,0,0,0,1,1,0,0,0,0,0,0,0,0,0,0,0,0,0,0,0,0,0,0,0,0,0,0,0,0,0,0,0,0,0,0,0,0,0,0,0,0,0,0,0,0,0,0,0,0,0,0,0,0,0,0
Nudopollis sp.,YES,0,0,0,0,0,0,0,81,1,2,0,0,0,0,0,0,0,0,0,0,0,0,0,0,0,0,0,0,0,0,0,0,0,0,0,0,0,0,0,0,0,0,0,0,0,0,0,0,0,0,0,0,0,0,0,0,0,0,0,0,0,0,0,0,0,0,0,0,0,1,0,4,0,0,0,0,0,0,0,0,0,0,0
Nyssapollenites sp.,NO,0,0,0,0,0,0,0,0,4,2,0,0,0,0,0,0,0,0,0,0,0,0,0,0,0,0,0,0,0,0,0,0,0,0,0,0,0,0,0,0,0,0,0,0,0,0,0,0,0,0,0,0,0,0,0,0,0,0,0,0,0,0,0,0,0,0,0,0,0,0,0,0,0,0,0,0,0,0,0,0,0,0,0
Periporites sp.,MAYBE,0,0,0,0,0,0,0,1,2,1,0,1,0,1,0,1,0,0,0,0,0,0,0,0,0,0,0,2,0,0,0,1,1,0,0,0,0,0,0,0,0,0,0,0,0,0,0,0,4,0,0,0,0,0,0,0,0,0,0,0,0,0,0,0,0,0,0,0,0,0,0,0,0,0,0,0,0,0,0,0,0,0,0
Pistillipollenites sp.,YES,0,1,55,0,0,0,0,4,0,0,0,0,0,1,0,1,0,0,0,0,0,0,0,0,0,0,0,0,0,0,0,0,0,0,0,0,0,0,0,0,0,0,0,0,0,0,0,0,0,0,0,0,0,0,0,0,0,0,0,1,0,0,0,0,0,0,0,0,0,0,0,0,0,0,0,0,0,1,0,0,0,0,0
Platycarya platycarioides,YES,0,0,0,0,0,0,0,43,0,0,1,0,0,8,0,0,0,0,0,0,0,0,0,0,0,0,0,0,0,0,0,0,0,0,0,0,0,0,0,0,0,0,0,0,0,0,0,0,0,0,0,0,0,0,0,0,0,0,0,1,0,0,0,0,2,0,0,0,1,0,0,0,0,0,0,0,0,0,0,0,0,0,0
Platycaryapollenites swasticoidus,YES,0,0,0,0,0,2,0,72,0,0,0,0,0,4,0,0,0,0,0,0,1,0,0,0,0,0,0,0,0,0,0,0,0,0,0,0,0,0,0,0,1,0,0,0,0,0,0,0,0,0,0,0,0,0,0,0,0,0,0,1,0,0,0,0,0,0,0,0,0,0,0,0,0,0,0,0,0,0,0,0,0,0,0
Polyatriopollenites type,YES,1,2,1,0,7,1,7,0,0,0,0,0,0,4,0,1,0,0,0,0,0,0,0,0,0,0,0,0,0,0,0,0,0,0,0,0,0,0,0,0,0,0,0,0,0,0,0,0,15,0,0,0,0,0,0,0,2,0,0,0,0,0,0,0,1,0,0,0,1,0,0,0,0,0,0,0,0,0,0,0,0,0,0
Polypodiaceoisporites sp.,NO,0,0,0,0,0,0,0,0,0,0,0,0,0,0,0,0,0,0,0,0,0,0,0,1,0,0,0,0,0,0,0,0,0,0,0,0,0,0,0,0,0,0,0,0,0,0,0,0,0,0,0,0,0,0,0,0,0,0,0,0,0,0,0,0,0,0,0,0,0,0,0,0,0,0,0,0,0,0,0,0,0,0,0
Polypodiisporites sp.,NO,0,0,0,0,0,0,0,0,0,0,0,0,0,0,0,0,0,0,0,0,0,0,0,1,0,0,0,0,0,0,0,0,0,0,0,0,0,0,0,0,0,0,0,0,0,0,0,0,0,0,0,0,0,0,0,0,0,0,0,1,0,0,0,0,0,0,0,0,0,0,0,0,0,0,0,0,0,0,0,0,0,0,0
Proxapertites sp.,NO,0,0,0,0,0,0,0,0,0,0,0,1,0,1,0,0,0,0,0,0,0,0,0,0,0,0,0,0,0,0,0,0,0,0,0,0,0,0,0,0,0,0,0,0,0,0,0,0,0,0,0,0,0,0,0,0,0,0,0,0,0,0,0,0,0,0,0,0,0,0,0,0,0,0,0,0,0,0,0,0,0,0,0
Psilatricolpites sp.,YES,0,3,0,0,2,0,16,2,0,0,0,0,0,2,0,1,0,0,0,0,0,0,5,0,0,0,0,1,0,0,0,1,0,9,1,0,0,0,0,0,1,0,1,0,0,0,0,0,2,0,0,0,1,0,0,0,0,0,0,0,0,0,0,0,11,0,0,0,1,0,1,0,0,0,0,0,0,0,0,0,0,0,0
Psilatriletes sp.,YES,0,2,0,0,0,0,0,2,1,1,0,1,0,0,0,2,0,0,2,1,0,0,3,1,0,3,2,0,0,0,0,0,0,1,0,0,0,0,0,0,3,0,0,0,0,0,0,0,0,0,0,0,0,0,1,0,0,1,4,7,0,0,0,0,7,2,0,0,0,0,0,0,0,0,0,0,0,0,0,0,1,0,0
Quercus sp.,YES,29,2,2,4,1,0,0,0,3,0,0,0,0,0,0,0,0,0,0,0,0,0,0,0,0,0,0,0,0,0,0,0,0,0,0,0,0,0,0,0,0,0,0,0,0,0,0,0,2,0,0,0,0,0,0,0,0,0,0,0,0,0,0,0,0,0,0,0,0,1,0,0,0,0,0,0,0,0,0,0,0,0,0
Retipollenites sp.,YES,0,0,0,0,0,0,0,72,0,0,0,0,0,0,0,0,0,0,0,0,0,0,1,0,0,0,0,0,0,0,0,0,0,0,0,0,0,0,0,0,0,0,0,0,0,0,0,0,0,0,0,0,0,0,0,0,0,0,0,0,0,0,0,0,0,0,0,0,0,0,2,0,0,0,0,0,0,0,0,0,0,0,0
Retitricolpites sp.,MAYBE,0,0,0,0,0,0,0,0,1,1,0,0,0,7,0,0,0,0,0,0,0,0,0,0,0,1,0,0,0,0,1,0,0,0,0,0,0,0,0,2,0,0,0,0,0,0,0,0,9,0,0,0,0,0,0,0,0,0,0,1,0,0,0,0,0,0,0,0,0,0,0,2,0,0,0,0,0,1,0,0,0,0,0
Retitricolporites coarsus,NO,0,0,0,0,0,0,0,0,0,0,0,0,0,1,0,0,0,0,0,0,0,0,0,0,0,0,0,0,0,0,0,0,0,0,0,0,0,0,0,0,0,0,0,0,0,0,0,0,0,0,0,0,0,0,0,0,0,0,0,0,0,0,0,0,0,0,0,0,0,0,0,0,0,0,0,0,0,0,0,0,0,0,0
Rhoipites sp.,YES,23,0,0,1,9,0,3,0,0,0,0,0,0,0,0,8,0,0,0,0,0,0,2,0,0,0,0,0,0,0,0,1,0,0,0,0,0,0,0,2,0,0,0,0,0,0,0,0,0,0,0,0,1,0,0,0,1,0,0,1,0,0,0,1,0,0,0,0,0,3,7,0,0,0,0,0,0,0,0,0,0,0,2
Rousea sp.,YES,2,0,2,0,0,0,0,1,0,0,0,1,0,0,0,3,0,0,4,0,7,0,15,0,0,0,0,0,0,0,1,3,1,2,2,0,0,0,0,1,2,0,0,0,0,0,0,0,0,0,0,0,0,0,0,0,0,0,0,1,0,0,0,0,1,0,0,0,2,0,0,1,0,0,0,0,0,0,0,0,0,0,2
Spinizonocolpites sp.,NO,0,0,0,0,0,0,0,0,0,0,0,0,0,0,0,0,0,0,0,0,0,0,0,0,0,0,0,0,0,0,0,0,0,0,0,0,0,0,0,1,0,0,1,0,0,0,0,0,1,0,0,0,0,0,0,0,0,0,0,0,0,0,0,0,0,0,0,0,0,0,0,0,0,0,0,0,0,0,0,0,0,0,0
Stereisporites? sp.,NO,0,0,0,0,0,0,0,0,0,0,0,0,0,0,0,0,0,0,0,0,0,0,0,0,0,0,0,0,0,0,0,0,0,0,0,0,0,0,0,0,0,0,0,0,0,0,0,0,0,0,0,0,0,0,0,0,0,0,0,0,0,0,0,0,1,0,0,0,0,0,0,0,0,0,0,0,0,0,0,0,0,0,0
Striatricolporites sp.,NO,1,0,0,0,0,0,0,0,0,0,0,0,0,0,0,0,0,0,0,0,0,0,1,0,0,0,0,0,0,0,0,1,0,0,0,0,0,0,0,0,0,0,0,0,0,0,0,0,0,0,0,0,0,0,0,0,0,0,0,0,0,0,0,0,1,0,0,0,0,0,0,0,0,0,0,0,0,0,0,0,0,0,0
Taxodium sp.,YES,1,0,2,1,7,0,29,0,0,0,0,0,0,4,0,0,0,0,0,1,0,0,0,1,0,2,0,0,0,0,0,1,1,0,0,0,0,0,0,1,1,0,0,0,0,0,0,0,2,0,0,0,0,0,1,0,0,0,0,4,0,0,0,0,0,0,0,0,0,0,0,1,0,0,0,0,1,1,0,0,0,0,0
Tetracolporopollenites sp.,YES,0,0,2,0,0,0,0,0,0,0,0,0,0,0,0,1,0,0,0,0,8,2,35,0,0,0,0,0,0,0,0,0,0,0,0,0,0,0,0,0,0,0,0,0,0,0,0,0,1,0,0,0,0,0,0,0,0,0,0,0,0,0,0,0,0,0,0,0,0,15,3,0,0,0,0,0,0,0,0,0,0,0,0
Tricolpites sp.,MAYBE,1,7,0,0,0,0,0,0,1,0,0,0,2,0,0,0,0,0,0,0,0,0,1,0,0,0,0,1,0,0,0,2,4,0,1,1,0,0,0,0,0,0,0,0,0,0,0,0,2,0,0,0,0,0,0,0,0,0,0,0,0,0,0,1,0,0,0,0,0,0,0,0,0,0,0,0,0,0,0,0,0,0,0
Tricolporites sp.,MAYBE,0,0,0,0,1,1,2,1,0,0,0,0,0,0,0,2,0,0,1,1,0,0,1,0,0,0,0,0,0,0,0,0,2,1,1,0,0,0,0,0,0,0,0,0,0,0,0,0,7,0,0,0,0,0,0,0,0,0,0,0,0,0,0,1,0,0,0,0,2,1,0,1,0,0,0,0,0,0,0,0,0,0,0
Triporites sp.,MAYBE,0,0,0,0,0,0,0,0,0,0,0,0,0,2,0,0,0,0,0,0,0,0,1,0,0,0,0,0,0,0,1,0,0,0,0,0,0,0,0,1,1,0,0,0,0,0,0,0,1,0,0,0,0,0,0,0,8,0,0,0,0,0,0,0,1,0,0,0,3,1,0,2,0,0,0,0,0,0,0,0,0,0,1
Tsuga,NO,0,0,0,0,0,0,0,0,0,0,0,0,0,0,0,0,0,0,0,0,0,0,0,0,0,0,0,0,0,0,0,0,0,0,0,0,0,0,0,0,0,3,3,0,0,0,0,0,4,0,0,0,0,0,0,0,0,0,0,0,0,0,0,1,0,0,0,0,0,0,0,0,0,0,0,0,0,0,0,0,0,0,0
Ulmipollenites sp.,YES,0,0,0,0,0,0,1,0,5,5,0,5,0,4,0,0,0,0,0,0,0,0,1,0,0,0,0,0,0,0,0,1,0,0,0,0,0,0,0,9,12,0,0,0,0,0,0,0,10,0,0,0,0,0,0,0,0,0,0,1,0,0,0,0,4,0,0,0,0,0,0,0,0,0,0,0,0,0,0,0,0,0,5
Verrucingulatisporites sp.,NO,0,0,0,0,0,0,0,0,0,0,0,0,0,0,0,0,0,0,0,0,0,0,0,0,0,1,0,0,0,0,0,0,0,1,0,0,0,0,0,1,0,0,0,0,0,0,0,0,0,0,0,0,0,0,0,0,0,0,0,0,0,0,0,0,0,0,0,0,1,0,0,0,0,0,0,0,0,0,0,0,0,0,0
Verrutricolpites sp.,NO,0,0,0,0,0,0,0,0,0,0,0,0,0,0,0,0,0,0,0,0,0,0,0,0,0,0,0,0,0,0,0,0,0,0,0,0,0,0,0,1,0,0,0,0,0,0,0,0,6,0,0,0,0,0,0,0,0,0,0,0,0,0,0,0,0,0,0,0,0,0,0,0,0,0,0,0,0,0,0,0,0,0,0
pollen,NO,43,100,95,99,60,34,125,0,63,36,15,33,86,45,53,109,135,44,29,20,66,236,83,12,11,17,11,12,24,19,26,28,19,20,20,304,15,18,19,29,42,37,38,2,2,44,66,82,99,1252,32,36,32,42,16,84,171,76,41,64,48,103,50,39,14,32,59,20,30,69,148,16,37,92,26,343,53,91,69,65,43,11,77
spore,NO,2,3,0,1,1,0,3,0,1,2,4,2,5,0,2,3,3,2,4,0,0,18,3,0,17,4,3,1,1,2,3,0,1,0,3,5,3,2,5,1,4,10,13,0,0,4,0,2,1,12,0,2,0,2,2,2,11,2,6,13,3,4,2,1,0,6,3,6,8,0,0,0,0,2,7,4,4,3,15,9,7,1,0
