slide,original_title,mapped_category,priority,count
C_418058_W_Nassichuk_R_2025_01_21_14_59_16_Alaska,,,UNTITLED,1
C_418058_W_Nassichuk_R_2025_01_21_14_59_16_Alaska,Betulaceae,Betulaceae,YES,1
C_418058_W_Nassichuk_R_2025_01_21_14_59_16_Alaska,Cupuliferoipollenites sp.,Cupuliferoipollenites sp.,YES,4
C_418058_W_Nassichuk_R_2025_01_21_14_59_16_Alaska,Hippocrateaceaedites sp.,Hippocrateaceaedites sp.,NO,1
C_418058_W_Nassichuk_R_2025_01_21_14_59_16_Alaska,Horniella sp.,Rhoipites sp.,YES,7
C_418058_W_Nassichuk_R_2025_01_21_14_59_16_Alaska,Inaperturopollenites sp.,Inaperturopollenites sp.,YES,8
C_418058_W_Nassichuk_R_2025_01_21_14_59_16_Alaska,Juglans nigripites,Polyatriopollenites type,YES,1
C_418058_W_Nassichuk_R_2025_01_21_14_59_16_Alaska,Quercus sp.,Quercus sp.,YES,29
C_418058_W_Nassichuk_R_2025_01_21_14_59_16_Alaska,Rhoipites cryptoporus,Rhoipites sp.,YES,1
C_418058_W_Nassichuk_R_2025_01_21_14_59_16_Alaska,Rhoipites sp.,Rhoipites sp.,YES,1
C_418058_W_Nassichuk_R_2025_01_21_14_59_16_Alaska,Rousea sp.,Rousea sp.,YES,2
C_418058_W_Nassichuk_R_2025_01_21_14_59_16_Alaska,SIltaria sp.,Rhoipites sp.,YES,1
C_418058_W_Nassichuk_R_2025_01_21_14_59_16_Alaska,Siltaria sp.,Rhoipites sp.,YES,13
C_418058_W_Nassichuk_R_2025_01_21_14_59_16_Alaska,Striatricolporites sp.,Striatricolporites sp.,NO,1
C_418058_W_Nassichuk_R_2025_01_21_14_59_16_Alaska,Taxodium sp.,Taxodium sp.,YES,1
C_418058_W_Nassichuk_R_2025_01_21_14_59_16_Alaska,Tricolpites sp.,Tricolpites sp.,MAYBE,1
C_418058_W_Nassichuk_R_2025_01_21_14_59_16_Alaska,paly,Indet.,NO,32
C_418058_W_Nassichuk_R_2025_01_21_14_59_16_Alaska,pol,pollen,NO,43
C_418058_W_Nassichuk_R_2025_01_21_14_59_16_Alaska,spo,spore,NO,2
C_418070_W_Nassichuk_R_2025_01_21_14_17_12_Alaska,,,UNTITLED,2
C_418070_W_Nassichuk_R_2025_01_21_14_17_12_Alaska,Alnipollenites verus,Alnipollenites verus,YES,1
C_418070_W_Nassichuk_R_2025_01_21_14_17_12_Alaska,Betulaceae,Betulaceae,YES,2
C_418070_W_Nassichuk_R_2025_01_21_14_17_12_Alaska,Bisaccate,Bisaccate,YES,7
C_418070_W_Nassichuk_R_2025_01_21_14_17_12_Alaska,Botryococcus,Algae,NO,2
C_418070_W_Nassichuk_R_2025_01_21_14_17_12_Alaska,Cyathidites sp.,Psilatriletes sp.,YES,1
C_418070_W_Nassichuk_R_2025_01_21_14_17_12_Alaska,Dinocyst,Dinocyst,NO,1
C_418070_W_Nassichuk_R_2025_01_21_14_17_12_Alaska,Ericipites sp.,Ericipites sp.,YES,1
C_418070_W_Nassichuk_R_2025_01_21_14_17_12_Alaska,Hippocrateaceaedites kernii,Hippocrateaceaedites sp.,NO,2
C_418070_W_Nassichuk_R_2025_01_21_14_17_12_Alaska,Inaperturopollenites sp.,Inaperturopollenites sp.,YES,5
C_418070_W_Nassichuk_R_2025_01_21_14_17_12_Alaska,Momipites microfoveolatus,Momipites sp,YES,2
C_418070_W_Nassichuk_R_2025_01_21_14_17_12_Alaska,Pistillipollenites sp.,Pistillipollenites sp.,YES,1
C_418070_W_Nassichuk_R_2025_01_21_14_17_12_Alaska,Polyatriopollenites vermontensis,Polyatriopollenites type,YES,2
C_418070_W_Nassichuk_R_2025_01_21_14_17_12_Alaska,Psilatricolpites sp.,Psilatricolpites sp.,YES,3
C_418070_W_Nassichuk_R_2025_01_21_14_17_12_Alaska,Psilatriletes sp.,Psilatriletes sp.,YES,1
C_418070_W_Nassichuk_R_2025_01_21_14_17_12_Alaska,Quercus sp.,Quercus sp.,YES,2
C_418070_W_Nassichuk_R_2025_01_21_14_17_12_Alaska,Tricolpites sp.,Tricolpites sp.,MAYBE,7
C_418070_W_Nassichuk_R_2025_01_21_14_17_12_Alaska,paly,Indet.,NO,15
C_418070_W_Nassichuk_R_2025_01_21_14_17_12_Alaska,pol,pollen,NO,100
C_418070_W_Nassichuk_R_2025_01_21_14_17_12_Alaska,spo,spore,NO,3
C_418080_W_Nassichuk_L_2025_01_14_19_14_58_Alaska,,,UNTITLED,1
C_418080_W_Nassichuk_L_2025_01_14_19_14_58_Alaska,Alnipollenites verus,Alnipollenites verus,YES,7
C_418080_W_Nassichuk_L_2025_01_14_19_14_58_Alaska,Betulaceae,Betulaceae,YES,1
C_418080_W_Nassichuk_L_2025_01_14_19_14_58_Alaska,Bisaccate,Bisaccate,YES,8
C_418080_W_Nassichuk_L_2025_01_14_19_14_58_Alaska,Caprifoliipites paleocenicus,Caprifollipites sp.,NO,1
C_418080_W_Nassichuk_L_2025_01_14_19_14_58_Alaska,Caryapollenites imparalis,Caryapollenites sp.,YES,4
C_418080_W_Nassichuk_L_2025_01_14_19_14_58_Alaska,Cupuliferoipollenites sp.,Cupuliferoipollenites sp.,YES,1
C_418080_W_Nassichuk_L_2025_01_14_19_14_58_Alaska,Ericipites sp.,Ericipites sp.,YES,1
C_418080_W_Nassichuk_L_2025_01_14_19_14_58_Alaska,Hippocrateaceaedites kernii,Hippocrateaceaedites sp.,NO,7
C_418080_W_Nassichuk_L_2025_01_14_19_14_58_Alaska,Juglans nigripites,Polyatriopollenites type,YES,1
C_418080_W_Nassichuk_L_2025_01_14_19_14_58_Alaska,Momipites wyomingensis,Momipites wyomingensis,YES,5
C_418080_W_Nassichuk_L_2025_01_14_19_14_58_Alaska,Pistillipollenites mcgregorii,Pistillipollenites sp.,YES,54
C_418080_W_Nassichuk_L_2025_01_14_19_14_58_Alaska,Pistillipollenites sp.,Pistillipollenites sp.,YES,1
C_418080_W_Nassichuk_L_2025_01_14_19_14_58_Alaska,Quercus sp.,Quercus sp.,YES,2
C_418080_W_Nassichuk_L_2025_01_14_19_14_58_Alaska,Rousea linguiflumena,Rousea sp.,YES,1
C_418080_W_Nassichuk_L_2025_01_14_19_14_58_Alaska,Rousea sp.,Rousea sp.,YES,1
C_418080_W_Nassichuk_L_2025_01_14_19_14_58_Alaska,Taxodium sp.,Taxodium sp.,YES,2
C_418080_W_Nassichuk_L_2025_01_14_19_14_58_Alaska,Tetracolporopollenites sp.,Tetracolporopollenites sp.,YES,2
C_418080_W_Nassichuk_L_2025_01_14_19_14_58_Alaska,paly,Indet.,NO,31
C_418080_W_Nassichuk_L_2025_01_14_19_14_58_Alaska,pol,pollen,NO,95
C_418081_W_Nassichuk_R_2025_01_21_12_58_10_Alaska,,,UNTITLED,1
C_418081_W_Nassichuk_R_2025_01_21_12_58_10_Alaska,Alnipollenites verus,Alnipollenites verus,YES,3
C_418081_W_Nassichuk_R_2025_01_21_12_58_10_Alaska,Hippocrateaceaedites kernii,Hippocrateaceaedites sp.,NO,1
C_418081_W_Nassichuk_R_2025_01_21_12_58_10_Alaska,Momipites coryloides,Momipites sp,YES,1
C_418081_W_Nassichuk_R_2025_01_21_12_58_10_Alaska,Momipites wyomingensis,Momipites wyomingensis,YES,2
C_418081_W_Nassichuk_R_2025_01_21_12_58_10_Alaska,Quercus sp.,Quercus sp.,YES,4
C_418081_W_Nassichuk_R_2025_01_21_12_58_10_Alaska,Siltaria sp.,Rhoipites sp.,YES,1
C_418081_W_Nassichuk_R_2025_01_21_12_58_10_Alaska,Taxodium sp.,Taxodium sp.,YES,1
C_418081_W_Nassichuk_R_2025_01_21_12_58_10_Alaska,din,Dinocyst,NO,2
C_418081_W_Nassichuk_R_2025_01_21_12_58_10_Alaska,paly,Indet.,NO,10
C_418081_W_Nassichuk_R_2025_01_21_12_58_10_Alaska,pol,pollen,NO,99
C_418081_W_Nassichuk_R_2025_01_21_12_58_10_Alaska,spo,spore,NO,1
C_418107_W_Nassichuk_R_2025_01_21_11_16_25_Alaska,,,UNTITLED,1
C_418107_W_Nassichuk_R_2025_01_21_11_16_25_Alaska,Alnipollenites verus,Alnipollenites verus,YES,8
C_418107_W_Nassichuk_R_2025_01_21_11_16_25_Alaska,Bipol,Bisaccate,YES,1
C_418107_W_Nassichuk_R_2025_01_21_11_16_25_Alaska,Horniella sp.,Rhoipites sp.,YES,1
C_418107_W_Nassichuk_R_2025_01_21_11_16_25_Alaska,Polyatriopollenites sp.,Polyatriopollenites type,YES,6
C_418107_W_Nassichuk_R_2025_01_21_11_16_25_Alaska,Polyatriopollenites tricostatus,Polyatriopollenites type,YES,1
C_418107_W_Nassichuk_R_2025_01_21_11_16_25_Alaska,Psilatricolpites sp.,Psilatricolpites sp.,YES,2
C_418107_W_Nassichuk_R_2025_01_21_11_16_25_Alaska,Psilatricolporites sp.,Tricolporites sp.,MAYBE,1
C_418107_W_Nassichuk_R_2025_01_21_11_16_25_Alaska,Quercus sp.,Quercus sp.,YES,1
C_418107_W_Nassichuk_R_2025_01_21_11_16_25_Alaska,Rhoipites sp.,Rhoipites sp.,YES,2
C_418107_W_Nassichuk_R_2025_01_21_11_16_25_Alaska,Siltaria sp.,Rhoipites sp.,YES,6
C_418107_W_Nassichuk_R_2025_01_21_11_16_25_Alaska,Taxodium sp.,Taxodium sp.,YES,7
C_418107_W_Nassichuk_R_2025_01_21_11_16_25_Alaska,fun,Fungi,NO,5
C_418107_W_Nassichuk_R_2025_01_21_11_16_25_Alaska,paly,Indet.,NO,15
C_418107_W_Nassichuk_R_2025_01_21_11_16_25_Alaska,pol,pollen,NO,60
C_418107_W_Nassichuk_R_2025_01_21_11_16_25_Alaska,spo?,spore,NO,1
C_418109_W_Nassichuk_R_2025_01_21_10_57_19_Alaska,,,UNTITLED,1
C_418109_W_Nassichuk_R_2025_01_21_10_57_19_Alaska,Alnipollenites verus,Alnipollenites verus,YES,2
C_418109_W_Nassichuk_R_2025_01_21_10_57_19_Alaska,Juglans nigripites,Polyatriopollenites type,YES,1
C_418109_W_Nassichuk_R_2025_01_21_10_57_19_Alaska,Platycaryapollenites swasticoidus,Platycaryapollenites swasticoidus,YES,2
C_418109_W_Nassichuk_R_2025_01_21_10_57_19_Alaska,Psilatricolporites sp.,Tricolporites sp.,MAYBE,1
C_418109_W_Nassichuk_R_2025_01_21_10_57_19_Alaska,paly,Indet.,NO,19
C_418109_W_Nassichuk_R_2025_01_21_10_57_19_Alaska,pol,pollen,NO,34
C_418114_W_Nassichuk_L_2025_01_14_16_15_48_Alaska,,,UNTITLED,1
C_418114_W_Nassichuk_L_2025_01_14_16_15_48_Alaska,Alnipollenites verus,Alnipollenites verus,YES,16
C_418114_W_Nassichuk_L_2025_01_14_16_15_48_Alaska,Betulaceae,Betulaceae,YES,2
C_418114_W_Nassichuk_L_2025_01_14_16_15_48_Alaska,Bipol,Bisaccate,YES,10
C_418114_W_Nassichuk_L_2025_01_14_16_15_48_Alaska,Bombacacidites sp.,Bombacacidites sp.,YES,1
C_418114_W_Nassichuk_L_2025_01_14_16_15_48_Alaska,Caryapollenites sp.,Caryapollenites sp.,YES,1
C_418114_W_Nassichuk_L_2025_01_14_16_15_48_Alaska,Caryapollenites veripites,Caryapollenites veripites,YES,1
C_418114_W_Nassichuk_L_2025_01_14_16_15_48_Alaska,Ericipites sp.,Ericipites sp.,YES,1
C_418114_W_Nassichuk_L_2025_01_14_16_15_48_Alaska,Horniella sp.,Rhoipites sp.,YES,3
C_418114_W_Nassichuk_L_2025_01_14_16_15_48_Alaska,Inaperturopollenites sp.,Inaperturopollenites sp.,YES,5
C_418114_W_Nassichuk_L_2025_01_14_16_15_48_Alaska,Juglans nigripites,Polyatriopollenites type,YES,3
C_418114_W_Nassichuk_L_2025_01_14_16_15_48_Alaska,Monocolpites sp.,Monocolpites sp.,YES,1
C_418114_W_Nassichuk_L_2025_01_14_16_15_48_Alaska,Polyatriopollenites vermontensis,Polyatriopollenites type,YES,4
C_418114_W_Nassichuk_L_2025_01_14_16_15_48_Alaska,Psilamonocolpites sp.,Monocolpites sp.,YES,1
C_418114_W_Nassichuk_L_2025_01_14_16_15_48_Alaska,Psilatricolpites sp.,Psilatricolpites sp.,YES,16
C_418114_W_Nassichuk_L_2025_01_14_16_15_48_Alaska,Psilatricolporites operculatus,Tricolporites sp.,MAYBE,1
C_418114_W_Nassichuk_L_2025_01_14_16_15_48_Alaska,Psilatricolporites sp.,Tricolporites sp.,MAYBE,1
C_418114_W_Nassichuk_L_2025_01_14_16_15_48_Alaska,Taxodium sp.,Taxodium sp.,YES,29
C_418114_W_Nassichuk_L_2025_01_14_16_15_48_Alaska,Ulmipollenites sp.,Ulmipollenites sp.,YES,1
C_418114_W_Nassichuk_L_2025_01_14_16_15_48_Alaska,din,Dinocyst,NO,4
C_418114_W_Nassichuk_L_2025_01_14_16_15_48_Alaska,paly,Indet.,NO,44
C_418114_W_Nassichuk_L_2025_01_14_16_15_48_Alaska,pol,pollen,NO,125
C_418114_W_Nassichuk_L_2025_01_14_16_15_48_Alaska,spo,spore,NO,3
D1555_RAS_60_2023_04_20_15_40_35,,,UNTITLED,95
D1555_RAS_60_2023_04_20_15_40_35,Arecipites sp.,Arecipites sp.,YES,8
D1555_RAS_60_2023_04_20_15_40_35,Bombacacidites sp.,Bombacacidites sp.,YES,1
D1555_RAS_60_2023_04_20_15_40_35,Caryapollenites sp.,Caryapollenites sp.,YES,1
D1555_RAS_60_2023_04_20_15_40_35,Cyathidites sp.,Psilatriletes sp.,YES,1
D1555_RAS_60_2023_04_20_15_40_35,Deltoidospora sp.,Psilatriletes sp.,YES,1
D1555_RAS_60_2023_04_20_15_40_35,Echipollenites sp.,Echipollenites sp.,NO,1
D1555_RAS_60_2023_04_20_15_40_35,Laevigatosporites sp.,Laevigatosporites sp.,YES,1
D1555_RAS_60_2023_04_20_15_40_35,Momipites ventifluminis,Momipites ventifluminis,YES,16
D1555_RAS_60_2023_04_20_15_40_35,Momipites vermifluminis,Momipites ventifluminis,YES,1
D1555_RAS_60_2023_04_20_15_40_35,Nudipollis sp.,Nudopollis sp.,YES,1
D1555_RAS_60_2023_04_20_15_40_35,Nudopollis sp.,Nudopollis sp.,YES,80
D1555_RAS_60_2023_04_20_15_40_35,Periporites sp.,Periporites sp.,MAYBE,1
D1555_RAS_60_2023_04_20_15_40_35,Pistillipollenites sp.,Pistillipollenites sp.,YES,4
D1555_RAS_60_2023_04_20_15_40_35,Platycarya platycarioides,Platycarya platycarioides,YES,8
D1555_RAS_60_2023_04_20_15_40_35,Platycarya platycaryoides,Platycarya platycarioides,YES,35
D1555_RAS_60_2023_04_20_15_40_35,Platycaryapollenites swasticoidus,Platycaryapollenites swasticoidus,YES,72
D1555_RAS_60_2023_04_20_15_40_35,Psilamocolpites sp.,Monocolpites sp.,YES,1
D1555_RAS_60_2023_04_20_15_40_35,Psilamonocolpites sp.,Monocolpites sp.,YES,11
D1555_RAS_60_2023_04_20_15_40_35,Psilatricolpites compactus,Psilatricolpites sp.,YES,2
D1555_RAS_60_2023_04_20_15_40_35,Psilatricolporites sp.,Tricolporites sp.,MAYBE,1
D1555_RAS_60_2023_04_20_15_40_35,Retipollenites sp.,Retipollenites sp.,YES,72
D1555_RAS_60_2023_04_20_15_40_35,Rousea sp.,Rousea sp.,YES,1
D1821_1_L_2024_01_22_16_22_31_New_Mex,,,UNTITLED,2
D1821_1_L_2024_01_22_16_22_31_New_Mex,Alnipollenites sp.,Alnipollenites verus,YES,1
D1821_1_L_2024_01_22_16_22_31_New_Mex,Arecipites sp.,Arecipites sp.,YES,1
D1821_1_L_2024_01_22_16_22_31_New_Mex,Betulaceae,Betulaceae,YES,1
D1821_1_L_2024_01_22_16_22_31_New_Mex,Bisaccate,Bisaccate,YES,8
D1821_1_L_2024_01_22_16_22_31_New_Mex,Caprifollipites sp.,Caprifollipites sp.,NO,1
D1821_1_L_2024_01_22_16_22_31_New_Mex,Deltoidospora sp.,Psilatriletes sp.,YES,1
D1821_1_L_2024_01_22_16_22_31_New_Mex,Inaperturopollenites sp.,Inaperturopollenites sp.,YES,1
D1821_1_L_2024_01_22_16_22_31_New_Mex,Momipites,Momipites sp,YES,1
D1821_1_L_2024_01_22_16_22_31_New_Mex,Momipites wyomingensis,Momipites wyomingensis,YES,1
D1821_1_L_2024_01_22_16_22_31_New_Mex,Myrtaceae type,Nudopollis sp.,YES,1
D1821_1_L_2024_01_22_16_22_31_New_Mex,Nyssapollenites sp.,Nyssapollenites sp.,NO,3
D1821_1_L_2024_01_22_16_22_31_New_Mex,Nyssapollenitessp.,Nyssapollenites sp.,NO,1
D1821_1_L_2024_01_22_16_22_31_New_Mex,Peripollenites sp,Periporites sp.,MAYBE,1
D1821_1_L_2024_01_22_16_22_31_New_Mex,Peripollenites sp.,Periporites sp.,MAYBE,1
D1821_1_L_2024_01_22_16_22_31_New_Mex,Quercus sp.,Quercus sp.,YES,3
D1821_1_L_2024_01_22_16_22_31_New_Mex,Retitricolpites sp.,Retitricolpites sp.,MAYBE,1
D1821_1_L_2024_01_22_16_22_31_New_Mex,Tiliapollenites sp.,Bombacacidites sp.,YES,2
D1821_1_L_2024_01_22_16_22_31_New_Mex,Tricolpites sp.,Tricolpites sp.,MAYBE,1
D1821_1_L_2024_01_22_16_22_31_New_Mex,Ulmipollenites sp.,Ulmipollenites sp.,YES,3
D1821_1_L_2024_01_22_16_22_31_New_Mex,Ulmipollenites tricostatus,Ulmipollenites sp.,YES,1
D1821_1_L_2024_01_22_16_22_31_New_Mex,Ulmoideipites sp.,Ulmipollenites sp.,YES,1
D1821_1_L_2024_01_22_16_22_31_New_Mex,fun,Fungi,NO,1
D1821_1_L_2024_01_22_16_22_31_New_Mex,paly,Indet.,NO,6
D1821_1_L_2024_01_22_16_22_31_New_Mex,pol,pollen,NO,63
D1821_1_L_2024_01_22_16_22_31_New_Mex,spo,spore,NO,1
D1821_1_R_2024_01_23_15_01_49_New_Mex,,,UNTITLED,2
D1821_1_R_2024_01_23_15_01_49_New_Mex,Betulaceae,Betulaceae,YES,2
D1821_1_R_2024_01_23_15_01_49_New_Mex,Bipol,Bisaccate,YES,1
D1821_1_R_2024_01_23_15_01_49_New_Mex,Deltoidospora sp.,Psilatriletes sp.,YES,1
D1821_1_R_2024_01_23_15_01_49_New_Mex,Fraxinoipollenites sp.,Retitricolpites sp.,MAYBE,1
D1821_1_R_2024_01_23_15_01_49_New_Mex,Myrtaceae type,Nudopollis sp.,YES,2
D1821_1_R_2024_01_23_15_01_49_New_Mex,Nyssapollenites sp.,Nyssapollenites sp.,NO,2
D1821_1_R_2024_01_23_15_01_49_New_Mex,Periposites sp.,Periporites sp.,MAYBE,1
D1821_1_R_2024_01_23_15_01_49_New_Mex,Tiliapollenites sp.,Bombacacidites sp.,YES,2
D1821_1_R_2024_01_23_15_01_49_New_Mex,Ulmipollenites sp.,Ulmipollenites sp.,YES,5
D1821_1_R_2024_01_23_15_01_49_New_Mex,paly,Indet.,NO,18
D1821_1_R_2024_01_23_15_01_49_New_Mex,pol,pollen,NO,36
D1821_1_R_2024_01_23_15_01_49_New_Mex,spo,spore,NO,2
D1910_2024_02_29_12_46_52_Wyoming,,,UNTITLED,2
D1910_2024_02_29_12_46_52_Wyoming,Bipol,Bisaccate,YES,1
D1910_2024_02_29_12_46_52_Wyoming,Pediastrum,Indet.,NO,1
D1910_2024_02_29_12_46_52_Wyoming,Platycarya platycarioides,Platycarya platycarioides,YES,1
D1910_2024_02_29_12_46_52_Wyoming,din,Dinocyst,NO,1
D1910_2024_02_29_12_46_52_Wyoming,fun,Fungi,NO,2
D1910_2024_02_29_12_46_52_Wyoming,paly,Indet.,NO,26
D1910_2024_02_29_12_46_52_Wyoming,pol,pollen,NO,15
D1910_2024_02_29_12_46_52_Wyoming,spo,spore,NO,3
D1910_2024_02_29_12_46_52_Wyoming,spo?,spore,NO,1
D1911_1_2024_02_29_18_10_06_Wyoming,,,UNTITLED,1
D1911_1_2024_02_29_18_10_06_Wyoming,Bisaccate,Bisaccate,YES,1
D1911_1_2024_02_29_18_10_06_Wyoming,Bombacacidites sp.,Bombacacidites sp.,YES,1
D1911_1_2024_02_29_18_10_06_Wyoming,Deltoidospora sp.,Psilatriletes sp.,YES,1
D1911_1_2024_02_29_18_10_06_Wyoming,Periporites sp.,Periporites sp.,MAYBE,1
D1911_1_2024_02_29_18_10_06_Wyoming,Proxaperites sp.,Proxapertites sp.,NO,1
D1911_1_2024_02_29_18_10_06_Wyoming,Psilamonocolpites sp.,Monocolpites sp.,YES,1
D1911_1_2024_02_29_18_10_06_Wyoming,Rousea sp.,Rousea sp.,YES,1
D1911_1_2024_02_29_18_10_06_Wyoming,Ulmipollenites sp.,Ulmipollenites sp.,YES,4
D1911_1_2024_02_29_18_10_06_Wyoming,Ulmoideipites sp.,Ulmipollenites sp.,YES,1
D1911_1_2024_02_29_18_10_06_Wyoming,din,Dinocyst,NO,4
D1911_1_2024_02_29_18_10_06_Wyoming,paly,Indet.,NO,36
D1911_1_2024_02_29_18_10_06_Wyoming,pol,pollen,NO,33
D1911_1_2024_02_29_18_10_06_Wyoming,spo,spore,NO,2
D3094-1_R_2024_02_20_17_15_37_Colorado,,,UNTITLED,1
D3094-1_R_2024_02_20_17_15_37_Colorado,Betulaceae,Betulaceae,YES,2
D3094-1_R_2024_02_20_17_15_37_Colorado,Bipol,Bisaccate,YES,1
D3094-1_R_2024_02_20_17_15_37_Colorado,Caryapollenites,Caryapollenites sp.,YES,1
D3094-1_R_2024_02_20_17_15_37_Colorado,Momipites,Momipites sp,YES,1
D3094-1_R_2024_02_20_17_15_37_Colorado,Paly,Indet.,NO,1
D3094-1_R_2024_02_20_17_15_37_Colorado,Pediastrum,Indet.,NO,6
D3094-1_R_2024_02_20_17_15_37_Colorado,Tricolpites,Tricolpites sp.,MAYBE,2
D3094-1_R_2024_02_20_17_15_37_Colorado,paly,Indet.,NO,66
D3094-1_R_2024_02_20_17_15_37_Colorado,pol,pollen,NO,86
D3094-1_R_2024_02_20_17_15_37_Colorado,spo,spore,NO,5
D3094_1_L_2024_02_20_11_32_26_Colorado,,,UNTITLED,1
D3094_1_L_2024_02_20_11_32_26_Colorado,Betulaceae,Betulaceae,YES,3
D3094_1_L_2024_02_20_11_32_26_Colorado,Betulaceae sp.,Betulaceae,YES,1
D3094_1_L_2024_02_20_11_32_26_Colorado,Caryapollenites imparalis,Caryapollenites sp.,YES,2
D3094_1_L_2024_02_20_11_32_26_Colorado,Caryapollenites sp.,Caryapollenites sp.,YES,7
D3094_1_L_2024_02_20_11_32_26_Colorado,Corsinipollenites operculatus,Triporites sp.,MAYBE,1
D3094_1_L_2024_02_20_11_32_26_Colorado,Corsinipollenites sp.,Triporites sp.,MAYBE,1
D3094_1_L_2024_02_20_11_32_26_Colorado,Fraxinoipollenites sp.,Retitricolpites sp.,MAYBE,3
D3094_1_L_2024_02_20_11_32_26_Colorado,Inaperturopollenites sp.,Inaperturopollenites sp.,YES,4
D3094_1_L_2024_02_20_11_32_26_Colorado,Liliacidites sp.,Arecipites sp.,YES,1
D3094_1_L_2024_02_20_11_32_26_Colorado,Momipites sp,Momipites sp,YES,1
D3094_1_L_2024_02_20_11_32_26_Colorado,Momipites sp.,Momipites sp,YES,2
D3094_1_L_2024_02_20_11_32_26_Colorado,Momipites wyomingensis,Momipites wyomingensis,YES,3
D3094_1_L_2024_02_20_11_32_26_Colorado,Pediastrum,Indet.,NO,3
D3094_1_L_2024_02_20_11_32_26_Colorado,Pistillipollenites sp.,Pistillipollenites sp.,YES,1
D3094_1_L_2024_02_20_11_32_26_Colorado,Platycarya platycarioides,Platycarya platycarioides,YES,8
D3094_1_L_2024_02_20_11_32_26_Colorado,Platycaryapollenites swasticoidus,Platycaryapollenites swasticoidus,YES,4
D3094_1_L_2024_02_20_11_32_26_Colorado,Polyatriopollenites vermontensis,Polyatriopollenites type,YES,4
D3094_1_L_2024_02_20_11_32_26_Colorado,Proxapertites sp.,Proxapertites sp.,NO,1
D3094_1_L_2024_02_20_11_32_26_Colorado,Psilamonocolpites sp.,Monocolpites sp.,YES,2
D3094_1_L_2024_02_20_11_32_26_Colorado,Psilaperiporites sp.,Periporites sp.,MAYBE,1
D3094_1_L_2024_02_20_11_32_26_Colorado,Psilatricolpites sp.,Psilatricolpites sp.,YES,2
D3094_1_L_2024_02_20_11_32_26_Colorado,Retitricolpites sp.,Retitricolpites sp.,MAYBE,4
D3094_1_L_2024_02_20_11_32_26_Colorado,Retitricolporites coarsus,Retitricolporites coarsus,NO,1
D3094_1_L_2024_02_20_11_32_26_Colorado,Taxodium sp.,Taxodium sp.,YES,4
D3094_1_L_2024_02_20_11_32_26_Colorado,Tiliapollenites sp.,Bombacacidites sp.,YES,1
D3094_1_L_2024_02_20_11_32_26_Colorado,Ulmipollenites sp.,Ulmipollenites sp.,YES,3
D3094_1_L_2024_02_20_11_32_26_Colorado,Ulmoideipites sp.,Ulmipollenites sp.,YES,1
D3094_1_L_2024_02_20_11_32_26_Colorado,alg,Algae,NO,1
D3094_1_L_2024_02_20_11_32_26_Colorado,paly,Indet.,NO,55
D3094_1_L_2024_02_20_11_32_26_Colorado,paly?,Indet.,NO,1
D3094_1_L_2024_02_20_11_32_26_Colorado,pol,pollen,NO,45
D3202-D-1_R_2024_02_21_13_01_51_Louisiana,,,UNTITLED,1
D3202-D-1_R_2024_02_21_13_01_51_Louisiana,Momipites,Momipites sp,YES,1
D3202-D-1_R_2024_02_21_13_01_51_Louisiana,Pediastrum,Indet.,NO,1
D3202-D-1_R_2024_02_21_13_01_51_Louisiana,din,Dinocyst,NO,7
D3202-D-1_R_2024_02_21_13_01_51_Louisiana,fun,Fungi,NO,5
D3202-D-1_R_2024_02_21_13_01_51_Louisiana,paly,Indet.,NO,15
D3202-D-1_R_2024_02_21_13_01_51_Louisiana,pol,pollen,NO,53
D3202-D-1_R_2024_02_21_13_01_51_Louisiana,spo,spore,NO,2
D3202_C_L_2024_02_20_12_31_51_Louisiana,,,UNTITLED,1
D3202_C_L_2024_02_20_12_31_51_Louisiana,Arecipites sp.,Arecipites sp.,YES,1
D3202_C_L_2024_02_20_12_31_51_Louisiana,Betulaceae,Betulaceae,YES,1
D3202_C_L_2024_02_20_12_31_51_Louisiana,Cicatricosisporites sp.,Cicatricosisporites sp.,YES,4
D3202_C_L_2024_02_20_12_31_51_Louisiana,Cupuliferoipollenites sp.,Cupuliferoipollenites sp.,YES,6
D3202_C_L_2024_02_20_12_31_51_Louisiana,Cyathiacidites sp.,Psilatriletes sp.,YES,1
D3202_C_L_2024_02_20_12_31_51_Louisiana,Deltoidospora sp.,Psilatriletes sp.,YES,1
D3202_C_L_2024_02_20_12_31_51_Louisiana,Echiperiporites akanthos,Echiperiporites akanthos,NO,1
D3202_C_L_2024_02_20_12_31_51_Louisiana,Horniella sp.,Rhoipites sp.,YES,2
D3202_C_L_2024_02_20_12_31_51_Louisiana,Illexpollenites sp.,Illexpollenites sp.,YES,3
D3202_C_L_2024_02_20_12_31_51_Louisiana,Juglans nigripites,Polyatriopollenites type,YES,1
D3202_C_L_2024_02_20_12_31_51_Louisiana,Momipites sp.,Momipites sp,YES,2
D3202_C_L_2024_02_20_12_31_51_Louisiana,Momipites wyomingensis,Momipites wyomingensis,YES,2
D3202_C_L_2024_02_20_12_31_51_Louisiana,Periporites sp.,Periporites sp.,MAYBE,1
D3202_C_L_2024_02_20_12_31_51_Louisiana,Pistillipollenites mcgregorii,Pistillipollenites sp.,YES,1
D3202_C_L_2024_02_20_12_31_51_Louisiana,Psilatricolpites sp.,Psilatricolpites sp.,YES,1
D3202_C_L_2024_02_20_12_31_51_Louisiana,Psilatricolporites sp.,Tricolporites sp.,MAYBE,2
D3202_C_L_2024_02_20_12_31_51_Louisiana,Rhoipites sp.,Rhoipites sp.,YES,6
D3202_C_L_2024_02_20_12_31_51_Louisiana,Rousea sp.,Rousea sp.,YES,3
D3202_C_L_2024_02_20_12_31_51_Louisiana,Tetracolporopollenites sp.,Tetracolporopollenites sp.,YES,1
D3202_C_L_2024_02_20_12_31_51_Louisiana,din,Dinocyst,NO,14
D3202_C_L_2024_02_20_12_31_51_Louisiana,fun,Fungi,NO,7
D3202_C_L_2024_02_20_12_31_51_Louisiana,paly,Indet.,NO,34
D3202_C_L_2024_02_20_12_31_51_Louisiana,pol,pollen,NO,109
D3202_C_L_2024_02_20_12_31_51_Louisiana,spo,spore,NO,3
D3202_C_R_2024_02_20_18_12_34_Kentucky,,,UNTITLED,1
D3202_C_R_2024_02_20_18_12_34_Kentucky,Bisaccate pollen,Bisaccate,YES,1
D3202_C_R_2024_02_20_18_12_34_Kentucky,Caryapollenites imparalis,Caryapollenites sp.,YES,1
D3202_C_R_2024_02_20_18_12_34_Kentucky,Cicatricosisporites dorogensis,Cicatricosisporites sp.,YES,5
D3202_C_R_2024_02_20_18_12_34_Kentucky,Momipites,Momipites sp,YES,5
D3202_C_R_2024_02_20_18_12_34_Kentucky,Momipites wyomingensis,Momipites wyomingensis,YES,1
D3202_C_R_2024_02_20_18_12_34_Kentucky,alg,Algae,NO,3
D3202_C_R_2024_02_20_18_12_34_Kentucky,din,Dinocyst,NO,27
D3202_C_R_2024_02_20_18_12_34_Kentucky,fun,Fungi,NO,6
D3202_C_R_2024_02_20_18_12_34_Kentucky,paly,Indet.,NO,32
D3202_C_R_2024_02_20_18_12_34_Kentucky,pol,pollen,NO,135
D3202_C_R_2024_02_20_18_12_34_Kentucky,spo,spore,NO,3
D3266-1_L_2024_02_01_13_49_20_Mississippi,,,UNTITLED,1
D3266-1_L_2024_02_01_13_49_20_Mississippi,Momipites,Momipites sp,YES,3
D3266-1_L_2024_02_01_13_49_20_Mississippi,paly,Indet.,NO,13
D3266-1_L_2024_02_01_13_49_20_Mississippi,pol,pollen,NO,44
D3266-1_L_2024_02_01_13_49_20_Mississippi,spo,spore,NO,2
D3268_A-2_L_2024_02_01_12_52_49_Alabama,,,UNTITLED,2
D3268_A-2_L_2024_02_01_12_52_49_Alabama,Betulaceae,Betulaceae,YES,3
D3268_A-2_L_2024_02_01_12_52_49_Alabama,Deltoidospora sp.,Psilatriletes sp.,YES,2
D3268_A-2_L_2024_02_01_12_52_49_Alabama,Psilatricolporites sp.,Tricolporites sp.,MAYBE,1
D3268_A-2_L_2024_02_01_12_52_49_Alabama,Rousea sp.,Rousea sp.,YES,4
D3268_A-2_L_2024_02_01_12_52_49_Alabama,fun,Fungi,NO,6
D3268_A-2_L_2024_02_01_12_52_49_Alabama,paly,Indet.,NO,10
D3268_A-2_L_2024_02_01_12_52_49_Alabama,pol,pollen,NO,29
D3268_A-2_L_2024_02_01_12_52_49_Alabama,spo,spore,NO,4
D3283-2_2024_02_06_15_37_28_Kentucky,,,UNTITLED,1
D3283-2_2024_02_06_15_37_28_Kentucky,Alnipollenites sp.,Alnipollenites verus,YES,1
D3283-2_2024_02_06_15_37_28_Kentucky,Arecipites sp.,Arecipites sp.,YES,4
D3283-2_2024_02_06_15_37_28_Kentucky,Bisaccate pollen,Bisaccate,YES,1
D3283-2_2024_02_06_15_37_28_Kentucky,Clavatricolpites sp.,Clavatricolpites sp.,NO,2
D3283-2_2024_02_06_15_37_28_Kentucky,Cyathidites sp.,Psilatriletes sp.,YES,1
D3283-2_2024_02_06_15_37_28_Kentucky,Momipites flexus,Momipites flexus,YES,1
D3283-2_2024_02_06_15_37_28_Kentucky,Monosulcites,Monocolpites sp.,YES,1
D3283-2_2024_02_06_15_37_28_Kentucky,Psilamonocolpites sp.,Monocolpites sp.,YES,1
D3283-2_2024_02_06_15_37_28_Kentucky,Taxodium sp.,Taxodium sp.,YES,1
D3283-2_2024_02_06_15_37_28_Kentucky,Tricolporites,Tricolporites sp.,MAYBE,1
D3283-2_2024_02_06_15_37_28_Kentucky,alg,Algae,NO,13
D3283-2_2024_02_06_15_37_28_Kentucky,alg?,Algae,NO,5
D3283-2_2024_02_06_15_37_28_Kentucky,din,Dinocyst,NO,1
D3283-2_2024_02_06_15_37_28_Kentucky,din?,Dinocyst,NO,1
D3283-2_2024_02_06_15_37_28_Kentucky,paly,Indet.,NO,12
D3283-2_2024_02_06_15_37_28_Kentucky,pol,pollen,NO,20
D3407-2_L_2024_02_20_13_28_48_Texas,,,UNTITLED,1
D3407-2_L_2024_02_20_13_28_48_Texas,Bombacacidites sp.,Bombacacidites sp.,YES,1
D3407-2_L_2024_02_20_13_28_48_Texas,Illexpollenites sp.,Illexpollenites sp.,YES,3
D3407-2_L_2024_02_20_13_28_48_Texas,Momipites,Momipites sp,YES,14
D3407-2_L_2024_02_20_13_28_48_Texas,Momipites flexus,Momipites flexus,YES,1
D3407-2_L_2024_02_20_13_28_48_Texas,Momipites wyomingensis,Momipites wyomingensis,YES,18
D3407-2_L_2024_02_20_13_28_48_Texas,Platycaryapollenites swasticoidus,Platycaryapollenites swasticoidus,YES,1
D3407-2_L_2024_02_20_13_28_48_Texas,Rousea sp.,Rousea sp.,YES,7
D3407-2_L_2024_02_20_13_28_48_Texas,Tetracolporopollenites sp.,Tetracolporopollenites sp.,YES,8
D3407-2_L_2024_02_20_13_28_48_Texas,fun,Fungi,NO,6
D3407-2_L_2024_02_20_13_28_48_Texas,paly,Indet.,NO,8
D3407-2_L_2024_02_20_13_28_48_Texas,pol,pollen,NO,66
D3408-1_L_2024_02_20_13_47_16_Texas,,,UNTITLED,1
D3408-1_L_2024_02_20_13_47_16_Texas,Arecipites sp.,Arecipites sp.,YES,5
D3408-1_L_2024_02_20_13_47_16_Texas,Cicatricosisporites dorogensis,Cicatricosisporites sp.,YES,10
D3408-1_L_2024_02_20_13_47_16_Texas,Momipites,Momipites sp,YES,70
D3408-1_L_2024_02_20_13_47_16_Texas,Momipites flexus,Momipites flexus,YES,1
D3408-1_L_2024_02_20_13_47_16_Texas,Momipites sp.,Momipites sp,YES,1
D3408-1_L_2024_02_20_13_47_16_Texas,Psilamonocolpites sp.,Monocolpites sp.,YES,1
D3408-1_L_2024_02_20_13_47_16_Texas,Tetracolporopollenites sp.,Tetracolporopollenites sp.,YES,2
D3408-1_L_2024_02_20_13_47_16_Texas,fun,Fungi,NO,63
D3408-1_L_2024_02_20_13_47_16_Texas,paly,Indet.,NO,69
D3408-1_L_2024_02_20_13_47_16_Texas,pol,pollen,NO,236
D3408-1_L_2024_02_20_13_47_16_Texas,spo,spore,NO,18
D3408_1_R_2024_02_20_19_10_35_Texas,,,UNTITLED,1
D3408_1_R_2024_02_20_19_10_35_Texas,Arecipites sp.,Arecipites sp.,YES,32
D3408_1_R_2024_02_20_19_10_35_Texas,Betulaceae,Betulaceae,YES,2
D3408_1_R_2024_02_20_19_10_35_Texas,Caprifoliipites sp.,Caprifollipites sp.,NO,5
D3408_1_R_2024_02_20_19_10_35_Texas,Caryapollenites imparalis,Caryapollenites sp.,YES,24
D3408_1_R_2024_02_20_19_10_35_Texas,Caryapollenites sp.,Caryapollenites sp.,YES,4
D3408_1_R_2024_02_20_19_10_35_Texas,Caryapollenites veripites,Caryapollenites veripites,YES,11
D3408_1_R_2024_02_20_19_10_35_Texas,Caryapollenites wodehousei,Caryapollenites sp.,YES,11
D3408_1_R_2024_02_20_19_10_35_Texas,Cicatricosisporites sp.,Cicatricosisporites sp.,YES,31
D3408_1_R_2024_02_20_19_10_35_Texas,Cupuliferoipollenites sp.,Cupuliferoipollenites sp.,YES,7
D3408_1_R_2024_02_20_19_10_35_Texas,Cyathidites sp.,Psilatriletes sp.,YES,1
D3408_1_R_2024_02_20_19_10_35_Texas,Didymospore,Fungi,NO,1
D3408_1_R_2024_02_20_19_10_35_Texas,Ericipites sp.,Ericipites sp.,YES,1
D3408_1_R_2024_02_20_19_10_35_Texas,Germling,Fungi,NO,1
D3408_1_R_2024_02_20_19_10_35_Texas,Illexpollenites sp.,Illexpollenites sp.,YES,20
D3408_1_R_2024_02_20_19_10_35_Texas,Inaperturopollenites sp.,Inaperturopollenites sp.,YES,2
D3408_1_R_2024_02_20_19_10_35_Texas,Laevigatosporites sp.,Laevigatosporites sp.,YES,5
D3408_1_R_2024_02_20_19_10_35_Texas,Momipites flexus,Momipites flexus,YES,32
D3408_1_R_2024_02_20_19_10_35_Texas,Momipites sp.,Momipites sp,YES,7
D3408_1_R_2024_02_20_19_10_35_Texas,Momipites ventifluminis,Momipites ventifluminis,YES,2
D3408_1_R_2024_02_20_19_10_35_Texas,Momipites wyomingensis,Momipites wyomingensis,YES,7
D3408_1_R_2024_02_20_19_10_35_Texas,Monocolpites,Monocolpites sp.,YES,5
D3408_1_R_2024_02_20_19_10_35_Texas,Monocolpites sp,Monocolpites sp.,YES,2
D3408_1_R_2024_02_20_19_10_35_Texas,Monocolpites sp.,Monocolpites sp.,YES,2
D3408_1_R_2024_02_20_19_10_35_Texas,Monosulcites,Monocolpites sp.,YES,5
D3408_1_R_2024_02_20_19_10_35_Texas,Psilamonocolpites sp.,Monocolpites sp.,YES,3
D3408_1_R_2024_02_20_19_10_35_Texas,Psilatricolpites sp.,Psilatricolpites sp.,YES,5
D3408_1_R_2024_02_20_19_10_35_Texas,Psilatricolporites sp.,Tricolporites sp.,MAYBE,1
D3408_1_R_2024_02_20_19_10_35_Texas,Psilatriletes sp.,Psilatriletes sp.,YES,2
D3408_1_R_2024_02_20_19_10_35_Texas,Psilatriporites minutus,Triporites sp.,MAYBE,1
D3408_1_R_2024_02_20_19_10_35_Texas,Retipollenites,Retipollenites sp.,YES,1
D3408_1_R_2024_02_20_19_10_35_Texas,Rhoipites sp.,Rhoipites sp.,YES,2
D3408_1_R_2024_02_20_19_10_35_Texas,Rousea sp,Rousea sp.,YES,1
D3408_1_R_2024_02_20_19_10_35_Texas,Rousea sp.,Rousea sp.,YES,14
D3408_1_R_2024_02_20_19_10_35_Texas,Striatricolporites sp.,Striatricolporites sp.,NO,1
D3408_1_R_2024_02_20_19_10_35_Texas,Tetracolporopollenites sp.,Tetracolporopollenites sp.,YES,34
D3408_1_R_2024_02_20_19_10_35_Texas,Tetraxolporopollenites sp.,Tetracolporopollenites sp.,YES,1
D3408_1_R_2024_02_20_19_10_35_Texas,Tiliapollenites sp.,Bombacacidites sp.,YES,2
D3408_1_R_2024_02_20_19_10_35_Texas,Tricolpites sp.,Tricolpites sp.,MAYBE,1
D3408_1_R_2024_02_20_19_10_35_Texas,Ulmoideipites sp.,Ulmipollenites sp.,YES,1
D3408_1_R_2024_02_20_19_10_35_Texas,fun,Fungi,NO,51
D3408_1_R_2024_02_20_19_10_35_Texas,paly,Indet.,NO,52
D3408_1_R_2024_02_20_19_10_35_Texas,pol,pollen,NO,83
D3408_1_R_2024_02_20_19_10_35_Texas,spo,spore,NO,3
D3516-A_1_L_2024_02_20_12_51_02_Montana,,,UNTITLED,2
D3516-A_1_L_2024_02_20_12_51_02_Montana,Amerospore,Fungi,NO,1
D3516-A_1_L_2024_02_20_12_51_02_Montana,Arecipites sp.,Arecipites sp.,YES,1
D3516-A_1_L_2024_02_20_12_51_02_Montana,Azolla,Algae,NO,2
D3516-A_1_L_2024_02_20_12_51_02_Montana,Bipol,Bisaccate,YES,8
D3516-A_1_L_2024_02_20_12_51_02_Montana,Bombacacidites sp.,Bombacacidites sp.,YES,1
D3516-A_1_L_2024_02_20_12_51_02_Montana,Cyathidites sp.,Psilatriletes sp.,YES,1
D3516-A_1_L_2024_02_20_12_51_02_Montana,Inaperturopollenites sp.,Inaperturopollenites sp.,YES,1
D3516-A_1_L_2024_02_20_12_51_02_Montana,Laevigatosporites sp.,Laevigatosporites sp.,YES,7
D3516-A_1_L_2024_02_20_12_51_02_Montana,Polypodiaceoisporites sp.,Polypodiaceoisporites sp.,NO,1
D3516-A_1_L_2024_02_20_12_51_02_Montana,Polypodiisporites sp.,Polypodiisporites sp.,NO,1
D3516-A_1_L_2024_02_20_12_51_02_Montana,Taxodium sp.,Taxodium sp.,YES,1
D3516-A_1_L_2024_02_20_12_51_02_Montana,din,Dinocyst,NO,1
D3516-A_1_L_2024_02_20_12_51_02_Montana,paly,Indet.,NO,24
D3516-A_1_L_2024_02_20_12_51_02_Montana,pol,pollen,NO,12
D3516-A_1_R_2024_02_20_18_31_40_Montana,,,UNTITLED,2
D3516-A_1_R_2024_02_20_18_31_40_Montana,Bipol,Bisaccate,YES,11
D3516-A_1_R_2024_02_20_18_31_40_Montana,din,Dinocyst,NO,2
D3516-A_1_R_2024_02_20_18_31_40_Montana,fun,Fungi,NO,1
D3516-A_1_R_2024_02_20_18_31_40_Montana,paly,Indet.,NO,19
D3516-A_1_R_2024_02_20_18_31_40_Montana,pol,pollen,NO,11
D3516-A_1_R_2024_02_20_18_31_40_Montana,spo,spore,NO,17
D3516-B_2_L_2024_02_20_14_24_29_Montana,,,UNTITLED,2
D3516-B_2_L_2024_02_20_14_24_29_Montana,Alnipollenites sp.,Alnipollenites verus,YES,1
D3516-B_2_L_2024_02_20_14_24_29_Montana,Betulaceae,Betulaceae,YES,1
D3516-B_2_L_2024_02_20_14_24_29_Montana,Bipol,Bisaccate,YES,6
D3516-B_2_L_2024_02_20_14_24_29_Montana,Bombacacidites sp.,Bombacacidites sp.,YES,1
D3516-B_2_L_2024_02_20_14_24_29_Montana,Cyathidites sp.,Psilatriletes sp.,YES,2
D3516-B_2_L_2024_02_20_14_24_29_Montana,Deltoidospora microadriennis,Psilatriletes sp.,YES,1
D3516-B_2_L_2024_02_20_14_24_29_Montana,Echitricolpites microechinatus,Echitricolpites microechinatus,NO,1
D3516-B_2_L_2024_02_20_14_24_29_Montana,Ericipites sp.,Ericipites sp.,YES,1
D3516-B_2_L_2024_02_20_14_24_29_Montana,Fraxinoipollenites sp.,Retitricolpites sp.,MAYBE,1
D3516-B_2_L_2024_02_20_14_24_29_Montana,Laevigatosporites sp.,Laevigatosporites sp.,YES,4
D3516-B_2_L_2024_02_20_14_24_29_Montana,Taxodium sp.,Taxodium sp.,YES,2
D3516-B_2_L_2024_02_20_14_24_29_Montana,Verrucingulatisporites sp.,Verrucingulatisporites sp.,NO,1
D3516-B_2_L_2024_02_20_14_24_29_Montana,din,Dinocyst,NO,5
D3516-B_2_L_2024_02_20_14_24_29_Montana,paly,Indet.,NO,39
D3516-B_2_L_2024_02_20_14_24_29_Montana,pol,pollen,NO,17
D3516-B_2_L_2024_02_20_14_24_29_Montana,spo,spore,NO,4
D3846_L_2024_02_20_11_51_22_N_Dakota,,,UNTITLED,5
D3846_L_2024_02_20_11_51_22_N_Dakota,Bipol,Bisaccate,YES,3
D3846_L_2024_02_20_11_51_22_N_Dakota,Trilete,Psilatriletes sp.,YES,2
D3846_L_2024_02_20_11_51_22_N_Dakota,fun,Fungi,NO,3
D3846_L_2024_02_20_11_51_22_N_Dakota,paly,Indet.,NO,13
D3846_L_2024_02_20_11_51_22_N_Dakota,pol,pollen,NO,11
D3846_L_2024_02_20_11_51_22_N_Dakota,spo,spore,NO,3
D3869-1_L_2024_02_20_12_12_54_Wyoming,,,UNTITLED,3
D3869-1_L_2024_02_20_12_12_54_Wyoming,Bipol,Bisaccate,YES,22
D3869-1_L_2024_02_20_12_12_54_Wyoming,Monoporopollenites annulatus,Monoporopollenites,NO,1
D3869-1_L_2024_02_20_12_12_54_Wyoming,Paly,Indet.,NO,1
D3869-1_L_2024_02_20_12_12_54_Wyoming,Periporites sp.,Periporites sp.,MAYBE,2
D3869-1_L_2024_02_20_12_12_54_Wyoming,Psilatricolpites sp.,Psilatricolpites sp.,YES,1
D3869-1_L_2024_02_20_12_12_54_Wyoming,Tricolpites sp.,Tricolpites sp.,MAYBE,1
D3869-1_L_2024_02_20_12_12_54_Wyoming,din,Dinocyst,NO,1
D3869-1_L_2024_02_20_12_12_54_Wyoming,fun,Fungi,NO,2
D3869-1_L_2024_02_20_12_12_54_Wyoming,paly,Indet.,NO,23
D3869-1_L_2024_02_20_12_12_54_Wyoming,pol,pollen,NO,12
D3869-1_L_2024_02_20_12_12_54_Wyoming,spo,spore,NO,1
D3869-1_R_2024_02_20_17_53_41_Wyoming,,,UNTITLED,2
D3869-1_R_2024_02_20_17_53_41_Wyoming,Bipol,Bisaccate,YES,33
D3869-1_R_2024_02_20_17_53_41_Wyoming,alg,Algae,NO,1
D3869-1_R_2024_02_20_17_53_41_Wyoming,fun,Fungi,NO,1
D3869-1_R_2024_02_20_17_53_41_Wyoming,paly,Indet.,NO,23
D3869-1_R_2024_02_20_17_53_41_Wyoming,pol,pollen,NO,24
D3869-1_R_2024_02_20_17_53_41_Wyoming,spo,spore,NO,1
D4191_I_L_2024_02_06_12_10_36_Kentucky,,,UNTITLED,3
D4191_I_L_2024_02_06_12_10_36_Kentucky,Amerospore,Fungi,NO,1
D4191_I_L_2024_02_06_12_10_36_Kentucky,Bisaccate,Bisaccate,YES,1
D4191_I_L_2024_02_06_12_10_36_Kentucky,Bulbilspore,Fungi,NO,1
D4191_I_L_2024_02_06_12_10_36_Kentucky,alg,Algae,NO,1
D4191_I_L_2024_02_06_12_10_36_Kentucky,din,Dinocyst,NO,5
D4191_I_L_2024_02_06_12_10_36_Kentucky,din?,Dinocyst,NO,1
D4191_I_L_2024_02_06_12_10_36_Kentucky,fun,Fungi,NO,2
D4191_I_L_2024_02_06_12_10_36_Kentucky,paly,Indet.,NO,16
D4191_I_L_2024_02_06_12_10_36_Kentucky,pol,pollen,NO,19
D4191_I_L_2024_02_06_12_10_36_Kentucky,spo,spore,NO,2
D4200_2_2024_02_06_12_29_47_Wyoming,,,UNTITLED,2
D4200_2_2024_02_06_12_29_47_Wyoming,Psilatriporites sp.,Triporites sp.,MAYBE,1
D4200_2_2024_02_06_12_29_47_Wyoming,Retitricolpites sp.,Retitricolpites sp.,MAYBE,1
D4200_2_2024_02_06_12_29_47_Wyoming,Rousea sp.,Rousea sp.,YES,1
D4200_2_2024_02_06_12_29_47_Wyoming,fun,Fungi,NO,1
D4200_2_2024_02_06_12_29_47_Wyoming,paly,Indet.,NO,23
D4200_2_2024_02_06_12_29_47_Wyoming,pol,pollen,NO,26
D4200_2_2024_02_06_12_29_47_Wyoming,spo,spore,NO,3
D4220-A_L_2024-02-06_11_51_42_Maryland,,,UNTITLED,1
D4220-A_L_2024-02-06_11_51_42_Maryland,Amerospore,Fungi,NO,1
D4220-A_L_2024-02-06_11_51_42_Maryland,Arecipites sp.,Arecipites sp.,YES,1
D4220-A_L_2024-02-06_11_51_42_Maryland,Bisaccate,Bisaccate,YES,2
D4220-A_L_2024-02-06_11_51_42_Maryland,Monoporopollenites annulatus,Monoporopollenites,NO,1
D4220-A_L_2024-02-06_11_51_42_Maryland,Periporites sp.,Periporites sp.,MAYBE,1
D4220-A_L_2024-02-06_11_51_42_Maryland,Psilatricolpites sp.,Psilatricolpites sp.,YES,1
D4220-A_L_2024-02-06_11_51_42_Maryland,Rhoipites sp.,Rhoipites sp.,YES,1
D4220-A_L_2024-02-06_11_51_42_Maryland,Rousea sp.,Rousea sp.,YES,3
D4220-A_L_2024-02-06_11_51_42_Maryland,Striatricolporites sp.,Striatricolporites sp.,NO,1
D4220-A_L_2024-02-06_11_51_42_Maryland,Taxodium sp.,Taxodium sp.,YES,1
D4220-A_L_2024-02-06_11_51_42_Maryland,Tricolpites compactus,Tricolpites sp.,MAYBE,1
D4220-A_L_2024-02-06_11_51_42_Maryland,Tricolpites sp.,Tricolpites sp.,MAYBE,1
D4220-A_L_2024-02-06_11_51_42_Maryland,Ulmoideipites sp.,Ulmipollenites sp.,YES,1
D4220-A_L_2024-02-06_11_51_42_Maryland,alg,Algae,NO,1
D4220-A_L_2024-02-06_11_51_42_Maryland,din,Dinocyst,NO,8
D4220-A_L_2024-02-06_11_51_42_Maryland,paly,Indet.,NO,14
D4220-A_L_2024-02-06_11_51_42_Maryland,paly?,Indet.,NO,1
D4220-A_L_2024-02-06_11_51_42_Maryland,pol,pollen,NO,28
D4220_A_L_2024_02_06_11_51_42_Maryland,,,UNTITLED,1
D4220_A_L_2024_02_06_11_51_42_Maryland,Amanoa sp.,Rousea sp.,YES,1
D4220_A_L_2024_02_06_11_51_42_Maryland,Amerospore,Fungi,NO,1
D4220_A_L_2024_02_06_11_51_42_Maryland,Bisaccate pollen,Bisaccate,YES,2
D4220_A_L_2024_02_06_11_51_42_Maryland,Dinocyst 4220,Dinocyst,NO,1
D4220_A_L_2024_02_06_11_51_42_Maryland,Dinocyst D4220,Dinocyst,NO,1
D4220_A_L_2024_02_06_11_51_42_Maryland,Illexpollenites,Illexpollenites sp.,YES,1
D4220_A_L_2024_02_06_11_51_42_Maryland,Inaperturopollenites sp.,Inaperturopollenites sp.,YES,1
D4220_A_L_2024_02_06_11_51_42_Maryland,Monoporopollenites annulatus,Monoporopollenites,NO,1
D4220_A_L_2024_02_06_11_51_42_Maryland,Peripollenites sp.,Periporites sp.,MAYBE,1
D4220_A_L_2024_02_06_11_51_42_Maryland,Taxodium sp.,Taxodium sp.,YES,1
D4220_A_L_2024_02_06_11_51_42_Maryland,Tricolpites,Tricolpites sp.,MAYBE,3
D4220_A_L_2024_02_06_11_51_42_Maryland,Tricolpites sp.,Tricolpites sp.,MAYBE,1
D4220_A_L_2024_02_06_11_51_42_Maryland,Tricolporites,Tricolporites sp.,MAYBE,2
D4220_A_L_2024_02_06_11_51_42_Maryland,din,Dinocyst,NO,9
D4220_A_L_2024_02_06_11_51_42_Maryland,paly,Indet.,NO,16
D4220_A_L_2024_02_06_11_51_42_Maryland,pol,pollen,NO,19
D4220_A_L_2024_02_06_11_51_42_Maryland,spo,spore,NO,1
D4354_3_R_2024_02_05_12_39_12_Arkansas,,,UNTITLED,1
D4354_3_R_2024_02_05_12_39_12_Arkansas,Arecipites reticulatus,Arecipites sp.,YES,1
D4354_3_R_2024_02_05_12_39_12_Arkansas,Betulaceae,Betulaceae,YES,1
D4354_3_R_2024_02_05_12_39_12_Arkansas,Caryapollenites,Caryapollenites sp.,YES,2
D4354_3_R_2024_02_05_12_39_12_Arkansas,Caryapollenites wodehousei,Caryapollenites sp.,YES,1
D4354_3_R_2024_02_05_12_39_12_Arkansas,Momipites ventifluminis,Momipites ventifluminis,YES,4
D4354_3_R_2024_02_05_12_39_12_Arkansas,Monocolpites sp.,Monocolpites sp.,YES,1
D4354_3_R_2024_02_05_12_39_12_Arkansas,Monolete,Laevigatosporites sp.,YES,1
D4354_3_R_2024_02_05_12_39_12_Arkansas,Psilatricolpites sp.,Psilatricolpites sp.,YES,8
D4354_3_R_2024_02_05_12_39_12_Arkansas,Psilatricolpitessp.,Psilatricolpites sp.,YES,1
D4354_3_R_2024_02_05_12_39_12_Arkansas,Rousea sp.,Rousea sp.,YES,2
D4354_3_R_2024_02_05_12_39_12_Arkansas,Tiliapollenites sp.,Bombacacidites sp.,YES,2
D4354_3_R_2024_02_05_12_39_12_Arkansas,Tricolporites,Tricolporites sp.,MAYBE,1
D4354_3_R_2024_02_05_12_39_12_Arkansas,Triletes,Psilatriletes sp.,YES,1
D4354_3_R_2024_02_05_12_39_12_Arkansas,Verrupollenites sp.,Verrucingulatisporites sp.,NO,1
D4354_3_R_2024_02_05_12_39_12_Arkansas,alg,Algae,NO,4
D4354_3_R_2024_02_05_12_39_12_Arkansas,din,Dinocyst,NO,1
D4354_3_R_2024_02_05_12_39_12_Arkansas,paly,Indet.,NO,6
D4354_3_R_2024_02_05_12_39_12_Arkansas,pol,pollen,NO,20
D4919-A_1_L_2024_02_01_14_07_43_Georgia,,,UNTITLED,3
D4919-A_1_L_2024_02_01_14_07_43_Georgia,Arecipites sp.,Arecipites sp.,YES,6
D4919-A_1_L_2024_02_01_14_07_43_Georgia,Betulaceae,Betulaceae,YES,1
D4919-A_1_L_2024_02_01_14_07_43_Georgia,Bombacacidites sp.,Bombacacidites sp.,YES,1
D4919-A_1_L_2024_02_01_14_07_43_Georgia,Cicatricosisporites,Cicatricosisporites sp.,YES,1
D4919-A_1_L_2024_02_01_14_07_43_Georgia,Psilamonocolpites sp.,Monocolpites sp.,YES,18
D4919-A_1_L_2024_02_01_14_07_43_Georgia,Psilatricolpites sp.,Psilatricolpites sp.,YES,1
D4919-A_1_L_2024_02_01_14_07_43_Georgia,Psilatricolporites sp.,Tricolporites sp.,MAYBE,1
D4919-A_1_L_2024_02_01_14_07_43_Georgia,Retitricolporites sp.,Rousea sp.,YES,1
D4919-A_1_L_2024_02_01_14_07_43_Georgia,Rousea sp.,Rousea sp.,YES,1
D4919-A_1_L_2024_02_01_14_07_43_Georgia,Tiliapollenites sp.,Bombacacidites sp.,YES,1
D4919-A_1_L_2024_02_01_14_07_43_Georgia,Tricolpites,Tricolpites sp.,MAYBE,1
D4919-A_1_L_2024_02_01_14_07_43_Georgia,fun,Fungi,NO,6
D4919-A_1_L_2024_02_01_14_07_43_Georgia,paly,Indet.,NO,8
D4919-A_1_L_2024_02_01_14_07_43_Georgia,pol,pollen,NO,20
D4919-A_1_L_2024_02_01_14_07_43_Georgia,spo,spore,NO,3
D5151-B-1_L_2024_02_02_15_31_05_Tennessee,,,UNTITLED,1
D5151-B-1_L_2024_02_02_15_31_05_Tennessee,Momipites,Momipites sp,YES,16
D5151-B-1_L_2024_02_02_15_31_05_Tennessee,Monocolpites,Monocolpites sp.,YES,1
D5151-B-1_L_2024_02_02_15_31_05_Tennessee,Tricolpites,Tricolpites sp.,MAYBE,1
D5151-B-1_L_2024_02_02_15_31_05_Tennessee,fun,Fungi,NO,4
D5151-B-1_L_2024_02_02_15_31_05_Tennessee,paly,Indet.,NO,6
D5151-B-1_L_2024_02_02_15_31_05_Tennessee,pol,pollen,NO,304
D5151-B-1_L_2024_02_02_15_31_05_Tennessee,spo,spore,NO,3
D5151-B-1_L_2024_02_02_15_31_05_Tennessee,spo?,spore,NO,2
D5406_1_L_2024_02_09_10_25_26_Colorado,,,UNTITLED,2
D5406_1_L_2024_02_09_10_25_26_Colorado,din,Dinocyst,NO,7
D5406_1_L_2024_02_09_10_25_26_Colorado,fun,Fungi,NO,6
D5406_1_L_2024_02_09_10_25_26_Colorado,paly,Indet.,NO,91
D5406_1_L_2024_02_09_10_25_26_Colorado,pol,pollen,NO,15
D5406_1_L_2024_02_09_10_25_26_Colorado,spo,spore,NO,3
D5410_1_L_2024_02_09_10_06_56_Utah,,,UNTITLED,2
D5410_1_L_2024_02_09_10_06_56_Utah,Botryococcus,Algae,NO,1
D5410_1_L_2024_02_09_10_06_56_Utah,alg,Algae,NO,1
D5410_1_L_2024_02_09_10_06_56_Utah,fun,Fungi,NO,9
D5410_1_L_2024_02_09_10_06_56_Utah,paly,Indet.,NO,47
D5410_1_L_2024_02_09_10_06_56_Utah,pol,pollen,NO,18
D5410_1_L_2024_02_09_10_06_56_Utah,spo,spore,NO,2
D5410_1_R_2024_02_0911_03_13_Utah,,,UNTITLED,2
D5410_1_R_2024_02_0911_03_13_Utah,fun,Fungi,NO,4
D5410_1_R_2024_02_0911_03_13_Utah,paly,Indet.,NO,24
D5410_1_R_2024_02_0911_03_13_Utah,pol,pollen,NO,17
D5410_1_R_2024_02_0911_03_13_Utah,pol?,pollen,NO,2
D5410_1_R_2024_02_0911_03_13_Utah,spo,spore,NO,5
D5542_1_L_2024_02_06_10_55_26_Colorado,,,UNTITLED,1
D5542_1_L_2024_02_06_10_55_26_Colorado,Alnipollenites sp.,Alnipollenites verus,YES,2
D5542_1_L_2024_02_06_10_55_26_Colorado,Alnipollenites verus,Alnipollenites verus,YES,1
D5542_1_L_2024_02_06_10_55_26_Colorado,Betulaceae,Betulaceae,YES,2
D5542_1_L_2024_02_06_10_55_26_Colorado,Bombacacidites sp.,Bombacacidites sp.,YES,1
D5542_1_L_2024_02_06_10_55_26_Colorado,Caryapollenites sp.,Caryapollenites sp.,YES,2
D5542_1_L_2024_02_06_10_55_26_Colorado,Caryapollenites veripites,Caryapollenites veripites,YES,5
D5542_1_L_2024_02_06_10_55_26_Colorado,Corsinipollenites sp.,Triporites sp.,MAYBE,1
D5542_1_L_2024_02_06_10_55_26_Colorado,Cupuliferoipollenites sp.,Cupuliferoipollenites sp.,YES,2
D5542_1_L_2024_02_06_10_55_26_Colorado,Fraxinoipollenites sp.,Retitricolpites sp.,MAYBE,1
D5542_1_L_2024_02_06_10_55_26_Colorado,Laevigatosporites sp.,Laevigatosporites sp.,YES,1
D5542_1_L_2024_02_06_10_55_26_Colorado,Momipites sp.,Momipites sp,YES,1
D5542_1_L_2024_02_06_10_55_26_Colorado,Momipites wyomingensis,Momipites wyomingensis,YES,2
D5542_1_L_2024_02_06_10_55_26_Colorado,Psilamonocolpites sp.,Monocolpites sp.,YES,1
D5542_1_L_2024_02_06_10_55_26_Colorado,Retitricolpites sp.,Retitricolpites sp.,MAYBE,1
D5542_1_L_2024_02_06_10_55_26_Colorado,Rhoipites sp.,Rhoipites sp.,YES,2
D5542_1_L_2024_02_06_10_55_26_Colorado,Rousea sp.,Rousea sp.,YES,1
D5542_1_L_2024_02_06_10_55_26_Colorado,Spinizonocolpites sp.,Spinizonocolpites sp.,NO,1
D5542_1_L_2024_02_06_10_55_26_Colorado,Taxodium sp.,Taxodium sp.,YES,1
D5542_1_L_2024_02_06_10_55_26_Colorado,Tiliapollenites sp.,Bombacacidites sp.,YES,6
D5542_1_L_2024_02_06_10_55_26_Colorado,Ulmipollenites sp.,Ulmipollenites sp.,YES,9
D5542_1_L_2024_02_06_10_55_26_Colorado,Verrucingulatisporites sp.,Verrucingulatisporites sp.,NO,1
D5542_1_L_2024_02_06_10_55_26_Colorado,Verrutricolpites sp.,Verrutricolpites sp.,NO,1
D5542_1_L_2024_02_06_10_55_26_Colorado,alg,Algae,NO,1
D5542_1_L_2024_02_06_10_55_26_Colorado,paly,Indet.,NO,11
D5542_1_L_2024_02_06_10_55_26_Colorado,pol,pollen,NO,29
D5542_1_L_2024_02_06_10_55_26_Colorado,spo,spore,NO,1
D5542_1_R_2024_02_06_14_21_49_Colorado,,,UNTITLED,1
D5542_1_R_2024_02_06_14_21_49_Colorado,Alnipollenites sp.,Alnipollenites verus,YES,1
D5542_1_R_2024_02_06_14_21_49_Colorado,Arecipites sp.,Arecipites sp.,YES,1
D5542_1_R_2024_02_06_14_21_49_Colorado,Betulaceae,Betulaceae,YES,3
D5542_1_R_2024_02_06_14_21_49_Colorado,Bipol,Bisaccate,YES,1
D5542_1_R_2024_02_06_14_21_49_Colorado,Bombacacidites sp.,Bombacacidites sp.,YES,1
D5542_1_R_2024_02_06_14_21_49_Colorado,Caryapollenites imparalis,Caryapollenites sp.,YES,1
D5542_1_R_2024_02_06_14_21_49_Colorado,Caryapollenites sp.,Caryapollenites sp.,YES,5
D5542_1_R_2024_02_06_14_21_49_Colorado,Caryapollenites veripites,Caryapollenites veripites,YES,4
D5542_1_R_2024_02_06_14_21_49_Colorado,Corsinipollenites sp.,Triporites sp.,MAYBE,1
D5542_1_R_2024_02_06_14_21_49_Colorado,Cupuliferoipollenites sp.,Cupuliferoipollenites sp.,YES,1
D5542_1_R_2024_02_06_14_21_49_Colorado,Cyathidites sp.,Psilatriletes sp.,YES,1
D5542_1_R_2024_02_06_14_21_49_Colorado,Deltoidospora sp.,Psilatriletes sp.,YES,1
D5542_1_R_2024_02_06_14_21_49_Colorado,Inaperturopollenites sp.,Inaperturopollenites sp.,YES,1
D5542_1_R_2024_02_06_14_21_49_Colorado,Laevigatosporites sp.,Laevigatosporites sp.,YES,2
D5542_1_R_2024_02_06_14_21_49_Colorado,Momipites,Momipites sp,YES,4
D5542_1_R_2024_02_06_14_21_49_Colorado,Momipites sp.,Momipites sp,YES,1
D5542_1_R_2024_02_06_14_21_49_Colorado,Platycarya cf. triplicata,Platycaryapollenites swasticoidus,YES,1
D5542_1_R_2024_02_06_14_21_49_Colorado,Psilamonocolpites sp.,Monocolpites sp.,YES,1
D5542_1_R_2024_02_06_14_21_49_Colorado,Psilatricolpites sp.,Psilatricolpites sp.,YES,1
D5542_1_R_2024_02_06_14_21_49_Colorado,Rousea sp.,Rousea sp.,YES,2
D5542_1_R_2024_02_06_14_21_49_Colorado,Taxodium sp.,Taxodium sp.,YES,1
D5542_1_R_2024_02_06_14_21_49_Colorado,Tiliapollenites sp.,Bombacacidites sp.,YES,1
D5542_1_R_2024_02_06_14_21_49_Colorado,Trilete,Psilatriletes sp.,YES,1
D5542_1_R_2024_02_06_14_21_49_Colorado,Ulmipollenites sp.,Ulmipollenites sp.,YES,12
D5542_1_R_2024_02_06_14_21_49_Colorado,din,Dinocyst,NO,5
D5542_1_R_2024_02_06_14_21_49_Colorado,paly,Indet.,NO,30
D5542_1_R_2024_02_06_14_21_49_Colorado,pol,pollen,NO,42
D5542_1_R_2024_02_06_14_21_49_Colorado,spo,spore,NO,4
D5609_L_2024_03_01_11_15_57_Alaska,,,UNTITLED,1
D5609_L_2024_03_01_11_15_57_Alaska,Alnipollenites verus,Alnipollenites verus,YES,3
D5609_L_2024_03_01_11_15_57_Alaska,Betulaceae,Betulaceae,YES,1
D5609_L_2024_03_01_11_15_57_Alaska,Bipol,Bisaccate,YES,14
D5609_L_2024_03_01_11_15_57_Alaska,Illexpollenites sp.,Illexpollenites sp.,YES,1
D5609_L_2024_03_01_11_15_57_Alaska,Tsuga,Tsuga,NO,3
D5609_L_2024_03_01_11_15_57_Alaska,din,Dinocyst,NO,1
D5609_L_2024_03_01_11_15_57_Alaska,paly,Indet.,NO,24
D5609_L_2024_03_01_11_15_57_Alaska,pol,pollen,NO,37
D5609_L_2024_03_01_11_15_57_Alaska,spo,spore,NO,10
D5609_R_2024_03_01_15_10_09_Alaska,,,UNTITLED,2
D5609_R_2024_03_01_15_10_09_Alaska,Alnipollenites verus,Alnipollenites verus,YES,4
D5609_R_2024_03_01_15_10_09_Alaska,Arecipites sp.,Arecipites sp.,YES,1
D5609_R_2024_03_01_15_10_09_Alaska,Bipol,Bisaccate,YES,4
D5609_R_2024_03_01_15_10_09_Alaska,Bisaccate,Bisaccate,YES,6
D5609_R_2024_03_01_15_10_09_Alaska,Momipites wyomingensis,Momipites wyomingensis,YES,1
D5609_R_2024_03_01_15_10_09_Alaska,Psilatricolpites sp.,Psilatricolpites sp.,YES,1
D5609_R_2024_03_01_15_10_09_Alaska,Spinizonocolpites sp.,Spinizonocolpites sp.,NO,1
D5609_R_2024_03_01_15_10_09_Alaska,Tsuga,Tsuga,NO,3
D5609_R_2024_03_01_15_10_09_Alaska,fun,Fungi,NO,4
D5609_R_2024_03_01_15_10_09_Alaska,paly,Indet.,NO,69
D5609_R_2024_03_01_15_10_09_Alaska,pol,pollen,NO,38
D5609_R_2024_03_01_15_10_09_Alaska,spo,spore,NO,12
D5609_R_2024_03_01_15_10_09_Alaska,spo?,spore,NO,1
D5825_L_2024_02_06_10_36_15_Utah,,,UNTITLED,2
D5825_L_2024_02_06_10_36_15_Utah,Bipol,Bisaccate,YES,43
D5825_L_2024_02_06_10_36_15_Utah,Paly,Indet.,NO,1
D5825_L_2024_02_06_10_36_15_Utah,din,Dinocyst,NO,1
D5825_L_2024_02_06_10_36_15_Utah,fun,Fungi,NO,1
D5825_L_2024_02_06_10_36_15_Utah,paly,Indet.,NO,12
D5825_L_2024_02_06_10_36_15_Utah,pol,pollen,NO,2
D5825_R_2024_02_06_14_02_54_Utah,,,UNTITLED,3
D5825_R_2024_02_06_14_02_54_Utah,Bipol,Bisaccate,YES,44
D5825_R_2024_02_06_14_02_54_Utah,alg,Algae,NO,5
D5825_R_2024_02_06_14_02_54_Utah,paly,Indet.,NO,19
D5825_R_2024_02_06_14_02_54_Utah,pol,pollen,NO,2
D5964-1_L_2024_02_06_10_17_07_Wyoming,,,UNTITLED,2
D5964-1_L_2024_02_06_10_17_07_Wyoming,Momipites,Momipites sp,YES,2
D5964-1_L_2024_02_06_10_17_07_Wyoming,fun,Fungi,NO,1
D5964-1_L_2024_02_06_10_17_07_Wyoming,paly,Indet.,NO,6
D5964-1_L_2024_02_06_10_17_07_Wyoming,pol,pollen,NO,44
D5964-1_L_2024_02_06_10_17_07_Wyoming,spo,spore,NO,4
D6627-A-2_L_2024_02_02_12_53_43_Arkansas,,,UNTITLED,1
D6627-A-2_L_2024_02_02_12_53_43_Arkansas,Bipol,Bisaccate,YES,1
D6627-A-2_L_2024_02_02_12_53_43_Arkansas,fun,Fungi,NO,4
D6627-A-2_L_2024_02_02_12_53_43_Arkansas,paly,Indet.,NO,8
D6627-A-2_L_2024_02_02_12_53_43_Arkansas,pol,pollen,NO,66
D6627-A-2_R_2024_02_02_17_42_28_Arkansas,,,UNTITLED,1
D6627-A-2_R_2024_02_02_17_42_28_Arkansas,Bipol,Bisaccate,YES,2
D6627-A-2_R_2024_02_02_17_42_28_Arkansas,Ericipites,Ericipites sp.,YES,1
D6627-A-2_R_2024_02_02_17_42_28_Arkansas,din?,Dinocyst,NO,1
D6627-A-2_R_2024_02_02_17_42_28_Arkansas,fun,Fungi,NO,9
D6627-A-2_R_2024_02_02_17_42_28_Arkansas,paly,Indet.,NO,40
D6627-A-2_R_2024_02_02_17_42_28_Arkansas,pol,pollen,NO,82
D6627-A-2_R_2024_02_02_17_42_28_Arkansas,spo,spore,NO,2
D8401-A_L_2024_01_18_13_05_54_Alaska,,,UNTITLED,1
D8401-A_L_2024_01_18_13_05_54_Alaska,Alnipollenites verus,Alnipollenites verus,YES,21
D8401-A_L_2024_01_18_13_05_54_Alaska,Amerospore,Fungi,NO,1
D8401-A_L_2024_01_18_13_05_54_Alaska,Arecipites sp.,Arecipites sp.,YES,2
D8401-A_L_2024_01_18_13_05_54_Alaska,Betulaceae,Betulaceae,YES,32
D8401-A_L_2024_01_18_13_05_54_Alaska,Bipol,Bisaccate,YES,39
D8401-A_L_2024_01_18_13_05_54_Alaska,Bisaccate,Bisaccate,YES,4
D8401-A_L_2024_01_18_13_05_54_Alaska,Bombacacidites sp.,Bombacacidites sp.,YES,4
D8401-A_L_2024_01_18_13_05_54_Alaska,Caryapollenites sp.,Caryapollenites sp.,YES,12
D8401-A_L_2024_01_18_13_05_54_Alaska,Cupuliferoipollenites sp.,Cupuliferoipollenites sp.,YES,2
D8401-A_L_2024_01_18_13_05_54_Alaska,Echitricolpites microechinatus,Echitricolpites microechinatus,NO,11
D8401-A_L_2024_01_18_13_05_54_Alaska,Ericaipites sp.,Ericipites sp.,YES,1
D8401-A_L_2024_01_18_13_05_54_Alaska,Ericipites sp.,Ericipites sp.,YES,40
D8401-A_L_2024_01_18_13_05_54_Alaska,Fraxinoipollenites sp.,Retitricolpites sp.,MAYBE,9
D8401-A_L_2024_01_18_13_05_54_Alaska,Germling,Fungi,NO,1
D8401-A_L_2024_01_18_13_05_54_Alaska,Illexpollenites sp.,Illexpollenites sp.,YES,4
D8401-A_L_2024_01_18_13_05_54_Alaska,Inaperturopollenites sp.,Inaperturopollenites sp.,YES,6
D8401-A_L_2024_01_18_13_05_54_Alaska,Juglans nigripites,Polyatriopollenites type,YES,4
D8401-A_L_2024_01_18_13_05_54_Alaska,Laevigatosporites sp.,Laevigatosporites sp.,YES,2
D8401-A_L_2024_01_18_13_05_54_Alaska,Momipites,Momipites sp,YES,1
D8401-A_L_2024_01_18_13_05_54_Alaska,Momipites sp.,Momipites sp,YES,1
D8401-A_L_2024_01_18_13_05_54_Alaska,Monocolpites sp.,Monocolpites sp.,YES,4
D8401-A_L_2024_01_18_13_05_54_Alaska,Periporites sp.,Periporites sp.,MAYBE,3
D8401-A_L_2024_01_18_13_05_54_Alaska,Phragmospore,Fungi,NO,1
D8401-A_L_2024_01_18_13_05_54_Alaska,Polyatriopollenites vermontensis,Polyatriopollenites type,YES,11
D8401-A_L_2024_01_18_13_05_54_Alaska,Psilaperiporites cactus,Periporites sp.,MAYBE,1
D8401-A_L_2024_01_18_13_05_54_Alaska,Psilatricolpites sp.,Psilatricolpites sp.,YES,2
D8401-A_L_2024_01_18_13_05_54_Alaska,Psilatriporites sp.,Triporites sp.,MAYBE,1
D8401-A_L_2024_01_18_13_05_54_Alaska,Quercus sp.,Quercus sp.,YES,2
D8401-A_L_2024_01_18_13_05_54_Alaska,Spinizonocolpites sp.,Spinizonocolpites sp.,NO,1
D8401-A_L_2024_01_18_13_05_54_Alaska,Taxodium sp.,Taxodium sp.,YES,2
D8401-A_L_2024_01_18_13_05_54_Alaska,Tetracolporopollenites sp.,Tetracolporopollenites sp.,YES,1
D8401-A_L_2024_01_18_13_05_54_Alaska,Tiliapollenites sp.,Bombacacidites sp.,YES,6
D8401-A_L_2024_01_18_13_05_54_Alaska,Tricolpites,Tricolpites sp.,MAYBE,1
D8401-A_L_2024_01_18_13_05_54_Alaska,Tricolpites sp.,Tricolpites sp.,MAYBE,1
D8401-A_L_2024_01_18_13_05_54_Alaska,Tricolporopollenites sp.,Tricolporites sp.,MAYBE,7
D8401-A_L_2024_01_18_13_05_54_Alaska,Tsuga,Tsuga,NO,4
D8401-A_L_2024_01_18_13_05_54_Alaska,Ulmipollenites sp.,Ulmipollenites sp.,YES,4
D8401-A_L_2024_01_18_13_05_54_Alaska,Ulmoideipites sp.,Ulmipollenites sp.,YES,5
D8401-A_L_2024_01_18_13_05_54_Alaska,Ulmopollenites sp.,Ulmipollenites sp.,YES,1
D8401-A_L_2024_01_18_13_05_54_Alaska,Verrutricolpites sp.,Verrutricolpites sp.,NO,6
D8401-A_L_2024_01_18_13_05_54_Alaska,Zopfiella type,Fungi,NO,4
D8401-A_L_2024_01_18_13_05_54_Alaska,bipol,Bisaccate,YES,1
D8401-A_L_2024_01_18_13_05_54_Alaska,fun,Fungi,NO,7
D8401-A_L_2024_01_18_13_05_54_Alaska,paly,Indet.,NO,16
D8401-A_L_2024_01_18_13_05_54_Alaska,pol,pollen,NO,99
D8401-A_L_2024_01_18_13_05_54_Alaska,spo,spore,NO,1
D9151-A-2_L_2024_02_02_16_08_52_Texas,,,UNTITLED,1
D9151-A-2_L_2024_02_02_16_08_52_Texas,Momipites,Momipites sp,YES,18
D9151-A-2_L_2024_02_02_16_08_52_Texas,fun,Fungi,NO,7
D9151-A-2_L_2024_02_02_16_08_52_Texas,paly,Indet.,NO,14
D9151-A-2_L_2024_02_02_16_08_52_Texas,pol,pollen,NO,1252
D9151-A-2_L_2024_02_02_16_08_52_Texas,spo,spore,NO,7
D9151-A-2_L_2024_02_02_16_08_52_Texas,spo?,spore,NO,5
Giraffe_20_1_95_R_Giraffe_2025_01_13_19_48_21,,,UNTITLED,3
Giraffe_20_1_95_R_Giraffe_2025_01_13_19_48_21,paly,Indet.,NO,19
Giraffe_20_1_95_R_Giraffe_2025_01_13_19_48_21,pol,pollen,NO,32
Giraffe_20_3_47_BLEACHED_R_Giraffe_2025_01_14_09_06_36,,,UNTITLED,3
Giraffe_20_3_47_BLEACHED_R_Giraffe_2025_01_14_09_06_36,fun,Fungi,NO,1
Giraffe_20_3_47_BLEACHED_R_Giraffe_2025_01_14_09_06_36,paly,Indet.,NO,13
Giraffe_20_3_47_BLEACHED_R_Giraffe_2025_01_14_09_06_36,pol,pollen,NO,36
Giraffe_20_3_47_BLEACHED_R_Giraffe_2025_01_14_09_06_36,spo,spore,NO,2
Giraffe_24_2_43_R_Giraffe_2025_01_14_10_06_00,,,UNTITLED,3
Giraffe_24_2_43_R_Giraffe_2025_01_14_10_06_00,Alnipollenites verus,Alnipollenites verus,YES,1
Giraffe_24_2_43_R_Giraffe_2025_01_14_10_06_00,Ericipites sp.,Ericipites sp.,YES,1
Giraffe_24_2_43_R_Giraffe_2025_01_14_10_06_00,Psilatricolpites sp.,Psilatricolpites sp.,YES,1
Giraffe_24_2_43_R_Giraffe_2025_01_14_10_06_00,Rhoipites sp.,Rhoipites sp.,YES,1
Giraffe_24_2_43_R_Giraffe_2025_01_14_10_06_00,fun,Fungi,NO,2
Giraffe_24_2_43_R_Giraffe_2025_01_14_10_06_00,paly,Indet.,NO,12
Giraffe_24_2_43_R_Giraffe_2025_01_14_10_06_00,pol,pollen,NO,32
Giraffe_26_3_146_L_Giraffe_2025_01_13_16_06_02,,,UNTITLED,2
Giraffe_26_3_146_L_Giraffe_2025_01_13_16_06_02,paly,Indet.,NO,12
Giraffe_26_3_146_L_Giraffe_2025_01_13_16_06_02,pol,pollen,NO,42
Giraffe_26_3_146_L_Giraffe_2025_01_13_16_06_02,spo,spore,NO,2
USNMPAL_792666_D1074_2024_01_26_10_32_56_N_Dakota,,,UNTITLED,3
USNMPAL_792666_D1074_2024_01_26_10_32_56_N_Dakota,Bisaccate pollen,Bisaccate,YES,3
USNMPAL_792666_D1074_2024_01_26_10_32_56_N_Dakota,Cyathidites sp.,Psilatriletes sp.,YES,1
USNMPAL_792666_D1074_2024_01_26_10_32_56_N_Dakota,Laevigatosporites sp.,Laevigatosporites sp.,YES,2
USNMPAL_792666_D1074_2024_01_26_10_32_56_N_Dakota,Momipites wyomingensis,Momipites wyomingensis,YES,1
USNMPAL_792666_D1074_2024_01_26_10_32_56_N_Dakota,Taxodium sp.,Taxodium sp.,YES,1
USNMPAL_792666_D1074_2024_01_26_10_32_56_N_Dakota,fun,Fungi,NO,1
USNMPAL_792666_D1074_2024_01_26_10_32_56_N_Dakota,paly,Indet.,NO,22
USNMPAL_792666_D1074_2024_01_26_10_32_56_N_Dakota,pol,pollen,NO,16
USNMPAL_792666_D1074_2024_01_26_10_32_56_N_Dakota,spo,spore,NO,2
USNMPAL_792668_D1091_2024_01_25_16_57_52_Tennessee,,,UNTITLED,3
USNMPAL_792668_D1091_2024_01_25_16_57_52_Tennessee,Bisaccate pollen,Bisaccate,YES,1
USNMPAL_792668_D1091_2024_01_25_16_57_52_Tennessee,Momipites,Momipites sp,YES,2
USNMPAL_792668_D1091_2024_01_25_16_57_52_Tennessee,Monocolpites,Monocolpites sp.,YES,1
USNMPAL_792668_D1091_2024_01_25_16_57_52_Tennessee,pol,pollen,NO,84
USNMPAL_792668_D1091_2024_01_25_16_57_52_Tennessee,spo,spore,NO,1
USNMPAL_792668_D1091_2024_01_25_16_57_52_Tennessee,spo?,spore,NO,1
USNMPAL_792673_D1166_A_L_2023_11_09_12_47_47_Wyoming,,,UNTITLED,1
USNMPAL_792673_D1166_A_L_2023_11_09_12_47_47_Wyoming,Alnipollenites verus,Alnipollenites verus,YES,1
USNMPAL_792673_D1166_A_L_2023_11_09_12_47_47_Wyoming,Arecipites sp.,Arecipites sp.,YES,1
USNMPAL_792673_D1166_A_L_2023_11_09_12_47_47_Wyoming,Bisaccate,Bisaccate,YES,1
USNMPAL_792673_D1166_A_L_2023_11_09_12_47_47_Wyoming,Carya sp.,Caryapollenites sp.,YES,3
USNMPAL_792673_D1166_A_L_2023_11_09_12_47_47_Wyoming,Corsinipollenites sp.,Triporites sp.,MAYBE,1
USNMPAL_792673_D1166_A_L_2023_11_09_12_47_47_Wyoming,Ericipites sp.,Ericipites sp.,YES,1
USNMPAL_792673_D1166_A_L_2023_11_09_12_47_47_Wyoming,Momipites sp.,Momipites sp,YES,1
USNMPAL_792673_D1166_A_L_2023_11_09_12_47_47_Wyoming,Monocolpites?,Monocolpites sp.,YES,1
USNMPAL_792673_D1166_A_L_2023_11_09_12_47_47_Wyoming,Polyatriopollenites sp.,Polyatriopollenites type,YES,2
USNMPAL_792673_D1166_A_L_2023_11_09_12_47_47_Wyoming,Psilamonocolpites sp.,Monocolpites sp.,YES,1
USNMPAL_792673_D1166_A_L_2023_11_09_12_47_47_Wyoming,Rhoipites sp.,Rhoipites sp.,YES,1
USNMPAL_792673_D1166_A_L_2023_11_09_12_47_47_Wyoming,Triporopollenites sp.,Triporites sp.,MAYBE,7
USNMPAL_792673_D1166_A_L_2023_11_09_12_47_47_Wyoming,fun,Fungi,NO,1
USNMPAL_792673_D1166_A_L_2023_11_09_12_47_47_Wyoming,paly,Indet.,NO,23
USNMPAL_792673_D1166_A_L_2023_11_09_12_47_47_Wyoming,pol,pollen,NO,171
USNMPAL_792673_D1166_A_L_2023_11_09_12_47_47_Wyoming,spo,spore,NO,8
USNMPAL_792673_D1166_A_L_2023_11_09_12_47_47_Wyoming,spo?,spore,NO,3
USNMPAL_792673_D1166_A_R_2023_11_09_15_17_21_Wyoming,,,UNTITLED,1
USNMPAL_792673_D1166_A_R_2023_11_09_15_17_21_Wyoming,Deltoidospora,Psilatriletes sp.,YES,1
USNMPAL_792673_D1166_A_R_2023_11_09_15_17_21_Wyoming,Juglans,Juglans sp.,NO,1
USNMPAL_792673_D1166_A_R_2023_11_09_15_17_21_Wyoming,Momipites,Momipites sp,YES,3
USNMPAL_792673_D1166_A_R_2023_11_09_15_17_21_Wyoming,Psilamonocolpites,Monocolpites sp.,YES,1
USNMPAL_792673_D1166_A_R_2023_11_09_15_17_21_Wyoming,din,Dinocyst,NO,2
USNMPAL_792673_D1166_A_R_2023_11_09_15_17_21_Wyoming,fun,Fungi,NO,1
USNMPAL_792673_D1166_A_R_2023_11_09_15_17_21_Wyoming,paly,Indet.,NO,30
USNMPAL_792673_D1166_A_R_2023_11_09_15_17_21_Wyoming,pol,pollen,NO,76
USNMPAL_792673_D1166_A_R_2023_11_09_15_17_21_Wyoming,spo,spore,NO,2
USNMPAL_792715_D1298_L_2024_01_25_14_55_02_Wyoming,,,UNTITLED,2
USNMPAL_792715_D1298_L_2024_01_25_14_55_02_Wyoming,Amerospore,Fungi,NO,1
USNMPAL_792715_D1298_L_2024_01_25_14_55_02_Wyoming,Bisaccate pollen,Bisaccate,YES,1
USNMPAL_792715_D1298_L_2024_01_25_14_55_02_Wyoming,Bulbilspore,Fungi,NO,2
USNMPAL_792715_D1298_L_2024_01_25_14_55_02_Wyoming,Cyathidites,Psilatriletes sp.,YES,4
USNMPAL_792715_D1298_L_2024_01_25_14_55_02_Wyoming,Phragmospore,Fungi,NO,1
USNMPAL_792715_D1298_L_2024_01_25_14_55_02_Wyoming,alg,Algae,NO,4
USNMPAL_792715_D1298_L_2024_01_25_14_55_02_Wyoming,fun,Fungi,NO,10
USNMPAL_792715_D1298_L_2024_01_25_14_55_02_Wyoming,paly,Indet.,NO,12
USNMPAL_792715_D1298_L_2024_01_25_14_55_02_Wyoming,pol,pollen,NO,41
USNMPAL_792715_D1298_L_2024_01_25_14_55_02_Wyoming,spo,spore,NO,6
USNMPAL_792717_D1350_L_2024_02_20_15_21_31_Oregon,,,UNTITLED,1
USNMPAL_792717_D1350_L_2024_02_20_15_21_31_Oregon,Arecipites sp.,Arecipites sp.,YES,7
USNMPAL_792717_D1350_L_2024_02_20_15_21_31_Oregon,Cyathidites,Psilatriletes sp.,YES,1
USNMPAL_792717_D1350_L_2024_02_20_15_21_31_Oregon,Deltoidospora sp.,Psilatriletes sp.,YES,6
USNMPAL_792717_D1350_L_2024_02_20_15_21_31_Oregon,Didymospore,Fungi,NO,1
USNMPAL_792717_D1350_L_2024_02_20_15_21_31_Oregon,Fraxinoipollenites sp.,Retitricolpites sp.,MAYBE,1
USNMPAL_792717_D1350_L_2024_02_20_15_21_31_Oregon,Laevigatosporites sp.,Laevigatosporites sp.,YES,1
USNMPAL_792717_D1350_L_2024_02_20_15_21_31_Oregon,Momipites sp.,Momipites sp,YES,1
USNMPAL_792717_D1350_L_2024_02_20_15_21_31_Oregon,Pistillipollenites sp.,Pistillipollenites sp.,YES,1
USNMPAL_792717_D1350_L_2024_02_20_15_21_31_Oregon,Platycarya platycarioides,Platycarya platycarioides,YES,1
USNMPAL_792717_D1350_L_2024_02_20_15_21_31_Oregon,Platycaryapollenites swasticoidus,Platycaryapollenites swasticoidus,YES,1
USNMPAL_792717_D1350_L_2024_02_20_15_21_31_Oregon,Polypodiisporites sp.,Polypodiisporites sp.,NO,1
USNMPAL_792717_D1350_L_2024_02_20_15_21_31_Oregon,Psilamonocolpites sp.,Monocolpites sp.,YES,1
USNMPAL_792717_D1350_L_2024_02_20_15_21_31_Oregon,Retitricolporites sp.,Rousea sp.,YES,1
USNMPAL_792717_D1350_L_2024_02_20_15_21_31_Oregon,Rhoipites sp.,Rhoipites sp.,YES,1
USNMPAL_792717_D1350_L_2024_02_20_15_21_31_Oregon,Taxodium sp.,Taxodium sp.,YES,4
USNMPAL_792717_D1350_L_2024_02_20_15_21_31_Oregon,Ulmipollenites sp.,Ulmipollenites sp.,YES,1
USNMPAL_792717_D1350_L_2024_02_20_15_21_31_Oregon,fun,Fungi,NO,9
USNMPAL_792717_D1350_L_2024_02_20_15_21_31_Oregon,paly,Indet.,NO,16
USNMPAL_792717_D1350_L_2024_02_20_15_21_31_Oregon,pol,pollen,NO,64
USNMPAL_792717_D1350_L_2024_02_20_15_21_31_Oregon,spo,spore,NO,13
USNMPAL_792719_D1357_2023_11_09_10_41_27_Colorado,,,UNTITLED,1
USNMPAL_792719_D1357_2023_11_09_10_41_27_Colorado,Caryapollenites,Caryapollenites sp.,YES,3
USNMPAL_792719_D1357_2023_11_09_10_41_27_Colorado,Momipites,Momipites sp,YES,3
USNMPAL_792719_D1357_2023_11_09_10_41_27_Colorado,alg,Algae,NO,4
USNMPAL_792719_D1357_2023_11_09_10_41_27_Colorado,fun,Fungi,NO,1
USNMPAL_792719_D1357_2023_11_09_10_41_27_Colorado,paly,Indet.,NO,133
USNMPAL_792719_D1357_2023_11_09_10_41_27_Colorado,pol,pollen,NO,48
USNMPAL_792719_D1357_2023_11_09_10_41_27_Colorado,spo,spore,NO,3
USNMPAL_792723_D1366-D_2024_09_19_09_27_16_Maryland,,,UNTITLED,1
USNMPAL_792723_D1366-D_2024_09_19_09_27_16_Maryland,Bipol,Bisaccate,YES,7
USNMPAL_792723_D1366-D_2024_09_19_09_27_16_Maryland,Caryapollenites,Caryapollenites sp.,YES,2
USNMPAL_792723_D1366-D_2024_09_19_09_27_16_Maryland,din,Dinocyst,NO,10
USNMPAL_792723_D1366-D_2024_09_19_09_27_16_Maryland,fun,Fungi,NO,2
USNMPAL_792723_D1366-D_2024_09_19_09_27_16_Maryland,paly,Indet.,NO,22
USNMPAL_792723_D1366-D_2024_09_19_09_27_16_Maryland,pol,pollen,NO,103
USNMPAL_792723_D1366-D_2024_09_19_09_27_16_Maryland,spo,spore,NO,4
USNMPAL_792724_D1367_A_2024_01_25_15_32_32_Maryland,,,UNTITLED,2
USNMPAL_792724_D1367_A_2024_01_25_15_32_32_Maryland,Momipites,Momipites sp,YES,1
USNMPAL_792724_D1367_A_2024_01_25_15_32_32_Maryland,fun,Fungi,NO,3
USNMPAL_792724_D1367_A_2024_01_25_15_32_32_Maryland,paly,Indet.,NO,10
USNMPAL_792724_D1367_A_2024_01_25_15_32_32_Maryland,pol,pollen,NO,50
USNMPAL_792724_D1367_A_2024_01_25_15_32_32_Maryland,spo,spore,NO,2
USNMPAL_792725_D1367-B_2024_09_19_09_45_18_S_Dakota,,,UNTITLED,1
USNMPAL_792725_D1367-B_2024_09_19_09_45_18_S_Dakota,Bipol,Bisaccate,YES,3
USNMPAL_792725_D1367-B_2024_09_19_09_45_18_S_Dakota,Monocolpites sp.,Monocolpites sp.,YES,4
USNMPAL_792725_D1367-B_2024_09_19_09_45_18_S_Dakota,Psilatricolporites sp.,Tricolporites sp.,MAYBE,1
USNMPAL_792725_D1367-B_2024_09_19_09_45_18_S_Dakota,Rhoipites sp.,Rhoipites sp.,YES,1
USNMPAL_792725_D1367-B_2024_09_19_09_45_18_S_Dakota,Tricolpites,Tricolpites sp.,MAYBE,1
USNMPAL_792725_D1367-B_2024_09_19_09_45_18_S_Dakota,Tsuga,Tsuga,NO,1
USNMPAL_792725_D1367-B_2024_09_19_09_45_18_S_Dakota,din,Dinocyst,NO,1
USNMPAL_792725_D1367-B_2024_09_19_09_45_18_S_Dakota,fun,Fungi,NO,2
USNMPAL_792725_D1367-B_2024_09_19_09_45_18_S_Dakota,paly,Indet.,NO,8
USNMPAL_792725_D1367-B_2024_09_19_09_45_18_S_Dakota,pol,pollen,NO,39
USNMPAL_792725_D1367-B_2024_09_19_09_45_18_S_Dakota,spo,spore,NO,1
USNMPAL_792727_D1376_2024_01_22_16_00_33_Wyoming,,,UNTITLED,3
USNMPAL_792727_D1376_2024_01_22_16_00_33_Wyoming,Alnipollenites verus,Alnipollenites verus,YES,2
USNMPAL_792727_D1376_2024_01_22_16_00_33_Wyoming,Arecipites tenuiexinous,Arecipites sp.,YES,1
USNMPAL_792727_D1376_2024_01_22_16_00_33_Wyoming,Betulaceae,Betulaceae,YES,1
USNMPAL_792727_D1376_2024_01_22_16_00_33_Wyoming,Bisaccate pollen,Bisaccate,YES,1
USNMPAL_792727_D1376_2024_01_22_16_00_33_Wyoming,Caryapollenites prodromus,Caryapollenites sp.,YES,1
USNMPAL_792727_D1376_2024_01_22_16_00_33_Wyoming,Caryapollenites veripites,Caryapollenites veripites,YES,1
USNMPAL_792727_D1376_2024_01_22_16_00_33_Wyoming,Cyathidites sp.,Psilatriletes sp.,YES,4
USNMPAL_792727_D1376_2024_01_22_16_00_33_Wyoming,Deltoidospora sp.,Psilatriletes sp.,YES,3
USNMPAL_792727_D1376_2024_01_22_16_00_33_Wyoming,Juglans nigripites,Polyatriopollenites type,YES,1
USNMPAL_792727_D1376_2024_01_22_16_00_33_Wyoming,Momipites flexus,Momipites flexus,YES,2
USNMPAL_792727_D1376_2024_01_22_16_00_33_Wyoming,Momipites sp.,Momipites sp,YES,1
USNMPAL_792727_D1376_2024_01_22_16_00_33_Wyoming,Monocolpites sp.,Monocolpites sp.,YES,2
USNMPAL_792727_D1376_2024_01_22_16_00_33_Wyoming,Platycarya platycaryoides,Platycarya platycarioides,YES,1
USNMPAL_792727_D1376_2024_01_22_16_00_33_Wyoming,Platycaryapollenites platycaryoides,Platycarya platycarioides,YES,1
USNMPAL_792727_D1376_2024_01_22_16_00_33_Wyoming,Psilamonocolpites sp.,Monocolpites sp.,YES,1
USNMPAL_792727_D1376_2024_01_22_16_00_33_Wyoming,Psilatricolpites compactus,Psilatricolpites sp.,YES,4
USNMPAL_792727_D1376_2024_01_22_16_00_33_Wyoming,Psilatricolpites sp.,Psilatricolpites sp.,YES,7
USNMPAL_792727_D1376_2024_01_22_16_00_33_Wyoming,Rousea sp.,Rousea sp.,YES,1
USNMPAL_792727_D1376_2024_01_22_16_00_33_Wyoming,Stereisporites? sp.,Stereisporites? sp.,NO,1
USNMPAL_792727_D1376_2024_01_22_16_00_33_Wyoming,Striatopollis cf. catatumbus,Striatricolporites sp.,NO,1
USNMPAL_792727_D1376_2024_01_22_16_00_33_Wyoming,Triporopollenites sp.,Triporites sp.,MAYBE,1
USNMPAL_792727_D1376_2024_01_22_16_00_33_Wyoming,Ulmipollenites sp.,Ulmipollenites sp.,YES,4
USNMPAL_792727_D1376_2024_01_22_16_00_33_Wyoming,paly,Indet.,NO,9
USNMPAL_792727_D1376_2024_01_22_16_00_33_Wyoming,pol,pollen,NO,14
USNMPAL_792733_D1388_L_2024_01_22_11_09_00_S_Dakota,,,UNTITLED,1
USNMPAL_792733_D1388_L_2024_01_22_11_09_00_S_Dakota,Cyathidites,Psilatriletes sp.,YES,1
USNMPAL_792733_D1388_L_2024_01_22_11_09_00_S_Dakota,Trilete,Psilatriletes sp.,YES,1
USNMPAL_792733_D1388_L_2024_01_22_11_09_00_S_Dakota,alg,Algae,NO,1
USNMPAL_792733_D1388_L_2024_01_22_11_09_00_S_Dakota,din,Dinocyst,NO,1
USNMPAL_792733_D1388_L_2024_01_22_11_09_00_S_Dakota,fun,Fungi,NO,3
USNMPAL_792733_D1388_L_2024_01_22_11_09_00_S_Dakota,paly,Indet.,NO,37
USNMPAL_792733_D1388_L_2024_01_22_11_09_00_S_Dakota,pol,pollen,NO,32
USNMPAL_792733_D1388_L_2024_01_22_11_09_00_S_Dakota,spo,spore,NO,6
USNMPAL_792738_D1392_A_R_2024_01_25_13_58_00_Wyoming,,,UNTITLED,1
USNMPAL_792738_D1392_A_R_2024_01_25_13_58_00_Wyoming,paly,Indet.,NO,5
USNMPAL_792738_D1392_A_R_2024_01_25_13_58_00_Wyoming,pol,pollen,NO,59
USNMPAL_792738_D1392_A_R_2024_01_25_13_58_00_Wyoming,spo,spore,NO,2
USNMPAL_792738_D1392_A_R_2024_01_25_13_58_00_Wyoming,spo?,spore,NO,1
USNMPAL_792815_D1524_L_2024_01_26_10_53_45_Oregon,,,UNTITLED,3
USNMPAL_792815_D1524_L_2024_01_26_10_53_45_Oregon,Cicatricosisporites,Cicatricosisporites sp.,YES,1
USNMPAL_792815_D1524_L_2024_01_26_10_53_45_Oregon,Momipites,Momipites sp,YES,1
USNMPAL_792815_D1524_L_2024_01_26_10_53_45_Oregon,fun,Fungi,NO,5
USNMPAL_792815_D1524_L_2024_01_26_10_53_45_Oregon,paly,Indet.,NO,18
USNMPAL_792815_D1524_L_2024_01_26_10_53_45_Oregon,pol,pollen,NO,20
USNMPAL_792815_D1524_L_2024_01_26_10_53_45_Oregon,spo,spore,NO,6
USNMPAL_792851_D1644_2024_01_26_11_12_23_California,,,UNTITLED,2
USNMPAL_792851_D1644_2024_01_26_11_12_23_California,Amerospore,Fungi,NO,1
USNMPAL_792851_D1644_2024_01_26_11_12_23_California,Caryapollenites veripites,Caryapollenites veripites,YES,2
USNMPAL_792851_D1644_2024_01_26_11_12_23_California,Caryapollenites wodehousei,Caryapollenites sp.,YES,1
USNMPAL_792851_D1644_2024_01_26_11_12_23_California,Laevigatosporites sp.,Laevigatosporites sp.,YES,3
USNMPAL_792851_D1644_2024_01_26_11_12_23_California,Momipites,Momipites sp,YES,1
USNMPAL_792851_D1644_2024_01_26_11_12_23_California,Momipites flexus,Momipites flexus,YES,1
USNMPAL_792851_D1644_2024_01_26_11_12_23_California,Momipites ventifluminis,Momipites ventifluminis,YES,2
USNMPAL_792851_D1644_2024_01_26_11_12_23_California,Platycarya platycarioides,Platycarya platycarioides,YES,1
USNMPAL_792851_D1644_2024_01_26_11_12_23_California,Polyatriopollenites vermontensis,Polyatriopollenites type,YES,1
USNMPAL_792851_D1644_2024_01_26_11_12_23_California,Psilatricolpites sp.,Psilatricolpites sp.,YES,1
USNMPAL_792851_D1644_2024_01_26_11_12_23_California,Psilatricolporites sp.,Tricolporites sp.,MAYBE,1
USNMPAL_792851_D1644_2024_01_26_11_12_23_California,Psilatriporites sp.,Triporites sp.,MAYBE,2
USNMPAL_792851_D1644_2024_01_26_11_12_23_California,Retitricolporites sp.,Rousea sp.,YES,1
USNMPAL_792851_D1644_2024_01_26_11_12_23_California,Rousea sp.,Rousea sp.,YES,1
USNMPAL_792851_D1644_2024_01_26_11_12_23_California,Tiliapollenites sp.,Bombacacidites sp.,YES,1
USNMPAL_792851_D1644_2024_01_26_11_12_23_California,Tricolporites sp.,Tricolporites sp.,MAYBE,1
USNMPAL_792851_D1644_2024_01_26_11_12_23_California,Triporites sp.,Triporites sp.,MAYBE,1
USNMPAL_792851_D1644_2024_01_26_11_12_23_California,Verrupollenites densus,Verrucingulatisporites sp.,NO,1
USNMPAL_792851_D1644_2024_01_26_11_12_23_California,fun,Fungi,NO,2
USNMPAL_792851_D1644_2024_01_26_11_12_23_California,paly,Indet.,NO,4
USNMPAL_792851_D1644_2024_01_26_11_12_23_California,pol,pollen,NO,29
USNMPAL_792851_D1644_2024_01_26_11_12_23_California,pol?,pollen,NO,1
USNMPAL_792851_D1644_2024_01_26_11_12_23_California,spo,spore,NO,7
USNMPAL_792851_D1644_2024_01_26_11_12_23_California,spo?,spore,NO,1
USNMPAL_792852_D1667-A_L_2024_02_20_14_05_57_Kentucky,,,UNTITLED,1
USNMPAL_792852_D1667-A_L_2024_02_20_14_05_57_Kentucky,Alnipollenites verus,Alnipollenites verus,YES,1
USNMPAL_792852_D1667-A_L_2024_02_20_14_05_57_Kentucky,Arecipites sp.,Arecipites sp.,YES,2
USNMPAL_792852_D1667-A_L_2024_02_20_14_05_57_Kentucky,Betulaceae,Betulaceae,YES,3
USNMPAL_792852_D1667-A_L_2024_02_20_14_05_57_Kentucky,Corsinipollenites sp.,Triporites sp.,MAYBE,1
USNMPAL_792852_D1667-A_L_2024_02_20_14_05_57_Kentucky,Cupuliferoipollenites sp.,Cupuliferoipollenites sp.,YES,3
USNMPAL_792852_D1667-A_L_2024_02_20_14_05_57_Kentucky,Ericipites sp.,Ericipites sp.,YES,2
USNMPAL_792852_D1667-A_L_2024_02_20_14_05_57_Kentucky,Horniella sp.,Rhoipites sp.,YES,1
USNMPAL_792852_D1667-A_L_2024_02_20_14_05_57_Kentucky,Illexpollenites sp.,Illexpollenites sp.,YES,1
USNMPAL_792852_D1667-A_L_2024_02_20_14_05_57_Kentucky,Momipites wyomingensis,Momipites wyomingensis,YES,4
USNMPAL_792852_D1667-A_L_2024_02_20_14_05_57_Kentucky,Monocolpites sp.,Monocolpites sp.,YES,1
USNMPAL_792852_D1667-A_L_2024_02_20_14_05_57_Kentucky,Myrtaceidites parvus,Nudopollis sp.,YES,1
USNMPAL_792852_D1667-A_L_2024_02_20_14_05_57_Kentucky,Psilatricolporites sp.,Tricolporites sp.,MAYBE,1
USNMPAL_792852_D1667-A_L_2024_02_20_14_05_57_Kentucky,Quercus sp.,Quercus sp.,YES,1
USNMPAL_792852_D1667-A_L_2024_02_20_14_05_57_Kentucky,Rhoipites sp.,Rhoipites sp.,YES,2
USNMPAL_792852_D1667-A_L_2024_02_20_14_05_57_Kentucky,Tetracolporites sp.,Tetracolporopollenites sp.,YES,2
USNMPAL_792852_D1667-A_L_2024_02_20_14_05_57_Kentucky,Tetracolporopollenites sp.,Tetracolporopollenites sp.,YES,13
USNMPAL_792852_D1667-A_L_2024_02_20_14_05_57_Kentucky,fun,Fungi,NO,5
USNMPAL_792852_D1667-A_L_2024_02_20_14_05_57_Kentucky,paly,Indet.,NO,2
USNMPAL_792852_D1667-A_L_2024_02_20_14_05_57_Kentucky,pol,pollen,NO,69
USNMPAL_792852_D1667-A_R_2024_02_2019_29_55_Kentucky,,,UNTITLED,1
USNMPAL_792852_D1667-A_R_2024_02_2019_29_55_Kentucky,Betulaceae,Betulaceae,YES,3
USNMPAL_792852_D1667-A_R_2024_02_2019_29_55_Kentucky,Momipites sp.,Momipites sp,YES,1
USNMPAL_792852_D1667-A_R_2024_02_2019_29_55_Kentucky,Momipites wyomingensis,Momipites wyomingensis,YES,2
USNMPAL_792852_D1667-A_R_2024_02_2019_29_55_Kentucky,Psilatricolpites sp.,Psilatricolpites sp.,YES,1
USNMPAL_792852_D1667-A_R_2024_02_2019_29_55_Kentucky,Retipollenites sp.,Retipollenites sp.,YES,2
USNMPAL_792852_D1667-A_R_2024_02_2019_29_55_Kentucky,Rhoipites sp.,Rhoipites sp.,YES,6
USNMPAL_792852_D1667-A_R_2024_02_2019_29_55_Kentucky,Siltaria sp.,Rhoipites sp.,YES,1
USNMPAL_792852_D1667-A_R_2024_02_2019_29_55_Kentucky,Tetracolporopollenites sp.,Tetracolporopollenites sp.,YES,3
USNMPAL_792852_D1667-A_R_2024_02_2019_29_55_Kentucky,fun,Fungi,NO,3
USNMPAL_792852_D1667-A_R_2024_02_2019_29_55_Kentucky,paly,Indet.,NO,1
USNMPAL_792852_D1667-A_R_2024_02_2019_29_55_Kentucky,pol,pollen,NO,148
USNMPAL_792854_D1668_L_2024_01_25_16_38_58_Kentucky,,,UNTITLED,1
USNMPAL_792854_D1668_L_2024_01_25_16_38_58_Kentucky,Arecipites sp.,Arecipites sp.,YES,3
USNMPAL_792854_D1668_L_2024_01_25_16_38_58_Kentucky,Betulaceae,Betulaceae,YES,4
USNMPAL_792854_D1668_L_2024_01_25_16_38_58_Kentucky,Bipol,Bisaccate,YES,1
USNMPAL_792854_D1668_L_2024_01_25_16_38_58_Kentucky,Botryoccocus,Algae,NO,1
USNMPAL_792854_D1668_L_2024_01_25_16_38_58_Kentucky,Caryapollenites imparalis,Caryapollenites sp.,YES,2
USNMPAL_792854_D1668_L_2024_01_25_16_38_58_Kentucky,Caryapollenites sp.,Caryapollenites sp.,YES,1
USNMPAL_792854_D1668_L_2024_01_25_16_38_58_Kentucky,Caryapollenites veripites,Caryapollenites veripites,YES,31
USNMPAL_792854_D1668_L_2024_01_25_16_38_58_Kentucky,Caryapollenites wodehousei,Caryapollenites sp.,YES,1
USNMPAL_792854_D1668_L_2024_01_25_16_38_58_Kentucky,Caryapollenotes sp.,Caryapollenites sp.,YES,1
USNMPAL_792854_D1668_L_2024_01_25_16_38_58_Kentucky,Corsinipollenites sp.,Triporites sp.,MAYBE,1
USNMPAL_792854_D1668_L_2024_01_25_16_38_58_Kentucky,Cupuliferoipollenites sp.,Cupuliferoipollenites sp.,YES,1
USNMPAL_792854_D1668_L_2024_01_25_16_38_58_Kentucky,Ericipites sp.,Ericipites sp.,YES,3
USNMPAL_792854_D1668_L_2024_01_25_16_38_58_Kentucky,Gothanipollis sp.,Gothanipollis sp.,NO,2
USNMPAL_792854_D1668_L_2024_01_25_16_38_58_Kentucky,Inaperturopollenites sp.,Inaperturopollenites sp.,YES,3
USNMPAL_792854_D1668_L_2024_01_25_16_38_58_Kentucky,Laevigatosporites sp.,Laevigatosporites sp.,YES,1
USNMPAL_792854_D1668_L_2024_01_25_16_38_58_Kentucky,Momipites sp.,Momipites sp,YES,4
USNMPAL_792854_D1668_L_2024_01_25_16_38_58_Kentucky,Momipites ventifluminis,Momipites ventifluminis,YES,35
USNMPAL_792854_D1668_L_2024_01_25_16_38_58_Kentucky,Momipites wyomingensis,Momipites wyomingensis,YES,2
USNMPAL_792854_D1668_L_2024_01_25_16_38_58_Kentucky,Nudopollis sp.,Nudopollis sp.,YES,4
USNMPAL_792854_D1668_L_2024_01_25_16_38_58_Kentucky,Psilatricolporites sp.,Tricolporites sp.,MAYBE,1
USNMPAL_792854_D1668_L_2024_01_25_16_38_58_Kentucky,Retitricolpites sp.,Retitricolpites sp.,MAYBE,2
USNMPAL_792854_D1668_L_2024_01_25_16_38_58_Kentucky,Retitricolporites sp.,Rousea sp.,YES,1
USNMPAL_792854_D1668_L_2024_01_25_16_38_58_Kentucky,Taxodium sp.,Taxodium sp.,YES,1
USNMPAL_792854_D1668_L_2024_01_25_16_38_58_Kentucky,Triporites sp.,Triporites sp.,MAYBE,1
USNMPAL_792854_D1668_L_2024_01_25_16_38_58_Kentucky,clavaperipollenites circularis,Clavaperipollenites,NO,1
USNMPAL_792854_D1668_L_2024_01_25_16_38_58_Kentucky,din,Dinocyst,NO,1
USNMPAL_792854_D1668_L_2024_01_25_16_38_58_Kentucky,paly,Indet.,NO,8
USNMPAL_792854_D1668_L_2024_01_25_16_38_58_Kentucky,pol,pollen,NO,16
USNMPAL_792924_D1820_2024-01-23_13_40_57_N_Mexico,,,UNTITLED,1
USNMPAL_792924_D1820_2024-01-23_13_40_57_N_Mexico,Betulaceae,Betulaceae,YES,2
USNMPAL_792924_D1820_2024-01-23_13_40_57_N_Mexico,Bipol,Bisaccate,YES,1
USNMPAL_792924_D1820_2024-01-23_13_40_57_N_Mexico,Caryapollenites,Caryapollenites sp.,YES,1
USNMPAL_792924_D1820_2024-01-23_13_40_57_N_Mexico,Momipites,Momipites sp,YES,1
USNMPAL_792924_D1820_2024-01-23_13_40_57_N_Mexico,paly,Indet.,NO,7
USNMPAL_792924_D1820_2024-01-23_13_40_57_N_Mexico,pol,pollen,NO,37
USNMPAL_792930_D1825_L_2023_11_07_13_36_14_image1_Kentucky,,,UNTITLED,1
USNMPAL_792930_D1825_L_2023_11_07_13_36_14_image1_Kentucky,Momipites,Momipites sp,YES,2
USNMPAL_792930_D1825_L_2023_11_07_13_36_14_image1_Kentucky,paly,Indet.,NO,2
USNMPAL_792930_D1825_L_2023_11_07_13_36_14_image1_Kentucky,pol,pollen,NO,92
USNMPAL_792930_D1825_L_2023_11_07_13_36_14_image1_Kentucky,spo,spore,NO,1
USNMPAL_792930_D1825_L_2023_11_07_13_36_14_image1_Kentucky,spo?,spore,NO,1
USNMPAL_792954_D1890-4_L_2024_09_19_11_55_30_Kentucky,,,UNTITLED,2
USNMPAL_792954_D1890-4_L_2024_09_19_11_55_30_Kentucky,din,Dinocyst,NO,3
USNMPAL_792954_D1890-4_L_2024_09_19_11_55_30_Kentucky,din?,Dinocyst,NO,2
USNMPAL_792954_D1890-4_L_2024_09_19_11_55_30_Kentucky,fun,Fungi,NO,1
USNMPAL_792954_D1890-4_L_2024_09_19_11_55_30_Kentucky,paly,Indet.,NO,43
USNMPAL_792954_D1890-4_L_2024_09_19_11_55_30_Kentucky,pol,pollen,NO,25
USNMPAL_792954_D1890-4_L_2024_09_19_11_55_30_Kentucky,pol?,pollen,NO,1
USNMPAL_792954_D1890-4_L_2024_09_19_11_55_30_Kentucky,spo,spore,NO,4
USNMPAL_792954_D1890-4_L_2024_09_19_11_55_30_Kentucky,spo?,spore,NO,3
USNMPAL_793077_D3163-A_2024_07_29_10_45_13_Arkansas,,,UNTITLED,1
USNMPAL_793077_D3163-A_2024_07_29_10_45_13_Arkansas,Momipites,Momipites sp,YES,4
USNMPAL_793077_D3163-A_2024_07_29_10_45_13_Arkansas,fun,Fungi,NO,1
USNMPAL_793077_D3163-A_2024_07_29_10_45_13_Arkansas,paly,Indet.,NO,37
USNMPAL_793077_D3163-A_2024_07_29_10_45_13_Arkansas,pol,pollen,NO,343
USNMPAL_793077_D3163-A_2024_07_29_10_45_13_Arkansas,spo,spore,NO,4
USNMPAL_793367_D3702_L_2024_02_02_15_49_54_Tennessee,,,UNTITLED,2
USNMPAL_793367_D3702_L_2024_02_02_15_49_54_Tennessee,Alnipollenites verus,Alnipollenites verus,YES,1
USNMPAL_793367_D3702_L_2024_02_02_15_49_54_Tennessee,Bipol,Bisaccate,YES,6
USNMPAL_793367_D3702_L_2024_02_02_15_49_54_Tennessee,Taxodium sp.,Taxodium sp.,YES,1
USNMPAL_793367_D3702_L_2024_02_02_15_49_54_Tennessee,din,Dinocyst,NO,1
USNMPAL_793367_D3702_L_2024_02_02_15_49_54_Tennessee,fun,Fungi,NO,2
USNMPAL_793367_D3702_L_2024_02_02_15_49_54_Tennessee,paly,Indet.,NO,22
USNMPAL_793367_D3702_L_2024_02_02_15_49_54_Tennessee,pol,pollen,NO,53
USNMPAL_793367_D3702_L_2024_02_02_15_49_54_Tennessee,spo,spore,NO,4
USNMPAL_793367_D3702_R_2024_02_05_12_01_01_Tennessee,,,UNTITLED,1
USNMPAL_793367_D3702_R_2024_02_05_12_01_01_Tennessee,Arecipites sp.,Arecipites sp.,YES,1
USNMPAL_793367_D3702_R_2024_02_05_12_01_01_Tennessee,Betulaceae,Betulaceae,YES,2
USNMPAL_793367_D3702_R_2024_02_05_12_01_01_Tennessee,Bisaccate pollen,Bisaccate,YES,1
USNMPAL_793367_D3702_R_2024_02_05_12_01_01_Tennessee,Liliacidites sp.,Arecipites sp.,YES,1
USNMPAL_793367_D3702_R_2024_02_05_12_01_01_Tennessee,Momipites,Momipites sp,YES,2
USNMPAL_793367_D3702_R_2024_02_05_12_01_01_Tennessee,Momipites ventifluminis,Momipites ventifluminis,YES,1
USNMPAL_793367_D3702_R_2024_02_05_12_01_01_Tennessee,Pistillipollenites mcgregorii,Pistillipollenites sp.,YES,1
USNMPAL_793367_D3702_R_2024_02_05_12_01_01_Tennessee,Retitrescolpites,Retitricolpites sp.,MAYBE,1
USNMPAL_793367_D3702_R_2024_02_05_12_01_01_Tennessee,Taxodium sp.,Taxodium sp.,YES,1
USNMPAL_793367_D3702_R_2024_02_05_12_01_01_Tennessee,alg?,Algae,NO,2
USNMPAL_793367_D3702_R_2024_02_05_12_01_01_Tennessee,fun,Fungi,NO,2
USNMPAL_793367_D3702_R_2024_02_05_12_01_01_Tennessee,paly,Indet.,NO,1
USNMPAL_793367_D3702_R_2024_02_05_12_01_01_Tennessee,pol,pollen,NO,91
USNMPAL_793367_D3702_R_2024_02_05_12_01_01_Tennessee,spo,spore,NO,3
USNMPAL_793471_D3915_L_2024-01-22_10_22_34_Alaska,,,UNTITLED,1
USNMPAL_793471_D3915_L_2024-01-22_10_22_34_Alaska,Bisaccate,Bisaccate,YES,1
USNMPAL_793471_D3915_L_2024-01-22_10_22_34_Alaska,Momipites?,Momipites sp,YES,1
USNMPAL_793471_D3915_L_2024-01-22_10_22_34_Alaska,Monocolpate,Monocolpites sp.,YES,1
USNMPAL_793471_D3915_L_2024-01-22_10_22_34_Alaska,alg,Algae,NO,2
USNMPAL_793471_D3915_L_2024-01-22_10_22_34_Alaska,alg?,Algae,NO,1
USNMPAL_793471_D3915_L_2024-01-22_10_22_34_Alaska,din?,Dinocyst,NO,1
USNMPAL_793471_D3915_L_2024-01-22_10_22_34_Alaska,paly,Indet.,NO,21
USNMPAL_793471_D3915_L_2024-01-22_10_22_34_Alaska,paly?,Indet.,NO,1
USNMPAL_793471_D3915_L_2024-01-22_10_22_34_Alaska,pol,pollen,NO,68
USNMPAL_793471_D3915_L_2024-01-22_10_22_34_Alaska,pol?,pollen,NO,1
USNMPAL_793471_D3915_L_2024-01-22_10_22_34_Alaska,spo,spore,NO,12
USNMPAL_793471_D3915_L_2024-01-22_10_22_34_Alaska,spo?,spore,NO,3
USNMPAL_793471_D3915_L_2024_01_22_10_22_34_Alaska,,,UNTITLED,1
USNMPAL_793471_D3915_L_2024_01_22_10_22_34_Alaska,Bisaccate,Bisaccate,YES,1
USNMPAL_793471_D3915_L_2024_01_22_10_22_34_Alaska,Inaperturopollenites sp.,Inaperturopollenites sp.,YES,5
USNMPAL_793471_D3915_L_2024_01_22_10_22_34_Alaska,Laevigatosporites sp.,Laevigatosporites sp.,YES,6
USNMPAL_793471_D3915_L_2024_01_22_10_22_34_Alaska,Monocolpites sp.,Monocolpites sp.,YES,1
USNMPAL_793471_D3915_L_2024_01_22_10_22_34_Alaska,alg,Algae,NO,2
USNMPAL_793471_D3915_L_2024_01_22_10_22_34_Alaska,alg?,Algae,NO,1
USNMPAL_793471_D3915_L_2024_01_22_10_22_34_Alaska,din?,Dinocyst,NO,1
USNMPAL_793471_D3915_L_2024_01_22_10_22_34_Alaska,paly,Indet.,NO,21
USNMPAL_793471_D3915_L_2024_01_22_10_22_34_Alaska,paly?,Indet.,NO,1
USNMPAL_793471_D3915_L_2024_01_22_10_22_34_Alaska,pol,pollen,NO,63
USNMPAL_793471_D3915_L_2024_01_22_10_22_34_Alaska,pol.,pollen,NO,1
USNMPAL_793471_D3915_L_2024_01_22_10_22_34_Alaska,pol?,pollen,NO,1
USNMPAL_793471_D3915_L_2024_01_22_10_22_34_Alaska,spo,spore,NO,6
USNMPAL_793471_D3915_L_2024_01_22_10_22_34_Alaska,spo?,spore,NO,3
USNMPAL_793472_D3916_R_2023_11_20_17_04_43_Alaska,,,UNTITLED,1
USNMPAL_793472_D3916_R_2023_11_20_17_04_43_Alaska,Betulaceae/Myricaceae,Betulaceae,YES,1
USNMPAL_793472_D3916_R_2023_11_20_17_04_43_Alaska,Calamuspollenites?,Calamuspollenites?,NO,1
USNMPAL_793472_D3916_R_2023_11_20_17_04_43_Alaska,Inaperturopollenites,Inaperturopollenites sp.,YES,1
USNMPAL_793472_D3916_R_2023_11_20_17_04_43_Alaska,Laevigatosporites,Laevigatosporites sp.,YES,2
USNMPAL_793472_D3916_R_2023_11_20_17_04_43_Alaska,Triletes,Psilatriletes sp.,YES,1
USNMPAL_793472_D3916_R_2023_11_20_17_04_43_Alaska,din,Dinocyst,NO,1
USNMPAL_793472_D3916_R_2023_11_20_17_04_43_Alaska,paly,Indet.,NO,25
USNMPAL_793472_D3916_R_2023_11_20_17_04_43_Alaska,pol,pollen,NO,43
USNMPAL_793472_D3916_R_2023_11_20_17_04_43_Alaska,spo,spore,NO,7
USNMPAL_793576_D4117_L_2024_02_02_12_34_41_Arkansas,,,UNTITLED,3
USNMPAL_793576_D4117_L_2024_02_02_12_34_41_Arkansas,Bipol,Bisaccate,YES,1
USNMPAL_793576_D4117_L_2024_02_02_12_34_41_Arkansas,Dinocyst,Dinocyst,NO,1
USNMPAL_793576_D4117_L_2024_02_02_12_34_41_Arkansas,din,Dinocyst,NO,6
USNMPAL_793576_D4117_L_2024_02_02_12_34_41_Arkansas,fun,Fungi,NO,2
USNMPAL_793576_D4117_L_2024_02_02_12_34_41_Arkansas,paly,Indet.,NO,63
USNMPAL_793576_D4117_L_2024_02_02_12_34_41_Arkansas,pol,pollen,NO,11
USNMPAL_793576_D4117_L_2024_02_02_12_34_41_Arkansas,spo,spore,NO,1
USNM_792877_D1727_L_2024_03_14_10_25_59_Washington,,,UNTITLED,1
USNM_792877_D1727_L_2024_03_14_10_25_59_Washington,Alnipollenites sp.,Alnipollenites verus,YES,1
USNM_792877_D1727_L_2024_03_14_10_25_59_Washington,Alnipollenites verus,Alnipollenites verus,YES,13
USNM_792877_D1727_L_2024_03_14_10_25_59_Washington,Bombacacidites cf. annae,Bombacacidites sp.,YES,1
USNM_792877_D1727_L_2024_03_14_10_25_59_Washington,Bombacacidites sp.,Bombacacidites sp.,YES,1
USNM_792877_D1727_L_2024_03_14_10_25_59_Washington,Corsinipollenites undulatus,Triporites sp.,MAYBE,1
USNM_792877_D1727_L_2024_03_14_10_25_59_Washington,Didymospore,Fungi,NO,1
USNM_792877_D1727_L_2024_03_14_10_25_59_Washington,Echiperiporites akanthos,Echiperiporites akanthos,NO,1
USNM_792877_D1727_L_2024_03_14_10_25_59_Washington,Horniella sp.,Rhoipites sp.,YES,1
USNM_792877_D1727_L_2024_03_14_10_25_59_Washington,Psilamonocolpites sp.,Monocolpites sp.,YES,2
USNM_792877_D1727_L_2024_03_14_10_25_59_Washington,Rhoipites sp.,Rhoipites sp.,YES,1
USNM_792877_D1727_L_2024_03_14_10_25_59_Washington,Rousea sp.,Rousea sp.,YES,2
USNM_792877_D1727_L_2024_03_14_10_25_59_Washington,Tiliapollenites sp.,Bombacacidites sp.,YES,1
USNM_792877_D1727_L_2024_03_14_10_25_59_Washington,Ulmipollenites sp.,Ulmipollenites sp.,YES,5
USNM_792877_D1727_L_2024_03_14_10_25_59_Washington,fun,Fungi,NO,49
USNM_792877_D1727_L_2024_03_14_10_25_59_Washington,paly,Indet.,NO,9
USNM_792877_D1727_L_2024_03_14_10_25_59_Washington,pol,pollen,NO,77
