slide,annotation_file,annotation_sha256,image_file,image_match_count,records,yes,maybe,no,unmatched,untitled
D1555_RAS_60_2023_04_20_15_40_35,D1555_RAS_60_2023_04_20_15_40_35.ndpi.ndpa,d116e0947a7f3012782caaf3fc58b620688b6eb67deccd4f8fdb76f05838d8f9,/rhf/allocations/dsci435/smithsonian_full_sp26/raw/D1555_RAS_60_2023_04_20_15_40_35.ndpi,1,415,317,2,1,0,95
D5825_L_2024_02_06_10_36_15_Utah,D5825_L_2024_02_06_10_36_15_Utah.ndpi.ndpa,61c3c9058b0fdf5b9f4ba6e2d414a602861a54ee44710044f0b588830ad9f143,/rhf/allocations/dsci435/smithsonian_full_sp26/raw/Images_with_annotations_for_CNN_training/D5825_L_2024_02_06_10_36_15_Utah.ndpi,1,62,43,0,17,0,2
D5825_R_2024_02_06_14_02_54_Utah,D5825_R_2024_02_06_14_02_54_Utah.ndpi.ndpa,a304bd70e207a7761d86ba48002342d59a723c647a1215f9e5d07f326d41f1e9,/rhf/allocations/dsci435/smithsonian_full_sp26/raw/Images_with_annotations_for_CNN_training/D5825_R_2024_02_06_14_02_54_Utah.ndpi,1,73,44,0,26,0,3
D1910_2024_02_29_12_46_52_Wyoming,D1910_2024_02_29_12_46_52_Wyoming.ndpi.ndpa,9c816405b2b0db45b376332f4c53970455e9ea7d3940e7441ba217f800f987db,/rhf/allocations/dsci435/smithsonian_full_sp26/raw/Images_with_annotations_for_CNN_training/D1910_2024_02_29_12_46_52_Wyoming.ndpi,1,53,2,0,49,0,2
D5410_1_R_2024_02_0911_03_13_Utah,D5410_1_R_2024_02_0911_03_13_Utah.ndpi.ndpa,cb341aa80ad5ea81c119702550b1a9e495d241fc9467e56acd3e858b3232e1aa,/rhf/allocations/dsci435/smithsonian_full_sp26/raw/Images_with_annotations_for_CNN_training/D5410_1_R_2024_02_0911_03_13_Utah.ndpi,1,54,0,0,52,0,2
D5410_1_L_2024_02_09_10_06_56_Utah,D5410_1_L_2024_02_09_10_06_56_Utah.ndpi.ndpa,1ff53d35ca51e9054d8ff15292977a6b7a828871a4f98c07a424cd5acb0a4d4f,/rhf/allocations/dsci435/smithsonian_full_sp26/raw/Images_with_annotations_for_CNN_training/D5410_1_L_2024_02_09_10_06_56_Utah.ndpi,1,80,0,0,78,0,2
D5609_L_2024_03_01_11_15_57_Alaska,D5609_L_2024_03_01_11_15_57_Alaska.ndpi.ndpa,27bcb6514e8737fd18f921a4756382a014bb92ca34b8f785f97f6847117c5966,/rhf/allocations/dsci435/smithsonian_full_sp26/raw/Images_with_annotations_for_CNN_training/D5609_L_2024_03_01_11_15_57_Alaska.ndpi,1,95,19,0,75,0,1
D5609_R_2024_03_01_15_10_09_Alaska,D5609_R_2024_03_01_15_10_09_Alaska.ndpi.ndpa,28d83a57fff2fcc3a7b60d76a40a2fa081f38273f397860efbe9192349af51ad,/rhf/allocations/dsci435/smithsonian_full_sp26/raw/Images_with_annotations_for_CNN_training/D5609_R_2024_03_01_15_10_09_Alaska.ndpi,1,147,17,0,128,0,2
D1911_1_2024_02_29_18_10_06_Wyoming,D1911_1_2024_02_29_18_10_06_Wyoming.ndpi.ndpa,af08c28d6aa9fc93517319f9a20f46f282ca71001a096aed5a058c6ce19f2465,/rhf/allocations/dsci435/smithsonian_full_sp26/raw/Images_with_annotations_for_CNN_training/D1911_1_2024_02_29_18_10_06_Wyoming.ndpi,1,88,10,1,76,0,1
D3407-2_L_2024_02_20_13_28_48_Texas,D3407-2_L_2024_02_20_13_28_48_Texas.ndpi.ndpa,5a98d8209148e283979ba4a2a2396ee347794e982eeb299e60cb2a92524d9cf4,/rhf/allocations/dsci435/smithsonian_full_sp26/raw/Images_with_annotations_for_CNN_training/D3407-2_L_2024_02_20_13_28_48_Texas.ndpi,1,134,53,0,80,0,1
D3408-1_L_2024_02_20_13_47_16_Texas,D3408-1_L_2024_02_20_13_47_16_Texas.ndpi.ndpa,9d06560a8bbed4cf148ea0d147a5603b57bdd90ef6763749a801c9680aeb50ec,/rhf/allocations/dsci435/smithsonian_full_sp26/raw/Images_with_annotations_for_CNN_training/D3408-1_L_2024_02_20_13_47_16_Texas.ndpi,1,477,90,0,386,0,1
D3408_1_R_2024_02_20_19_10_35_Texas,D3408_1_R_2024_02_20_19_10_35_Texas.ndpi.ndpa,ca7659c1a95c21b8d36938f6c98a3f2afd0e47601deebc14bb0476219fcdd32a,/rhf/allocations/dsci435/smithsonian_full_sp26/raw/Images_with_annotations_for_CNN_training/D3408_1_R_2024_02_20_19_10_35_Texas.ndpi,1,480,279,3,197,0,1
D4200_2_2024_02_06_12_29_47_Wyoming,D4200_2_2024_02_06_12_29_47_Wyoming.ndpi.ndpa,3d223e6fa4f44a2e066bb78b7ba98cbc7cb70de3d01a346051e96f0c0ffe234b,/rhf/allocations/dsci435/smithsonian_full_sp26/raw/Images_with_annotations_for_CNN_training/D4200_2_2024_02_06_12_29_47_Wyoming.ndpi,1,58,1,2,53,0,2
D3283-2_2024_02_06_15_37_28_Kentucky,D3283-2_2024_02_06_15_37_28_Kentucky.ndpi.ndpa,a04e1e0ff54800a6828a38b8caf382dadcfad73eebd4b52d49efae1bc8ae987e,/rhf/allocations/dsci435/smithsonian_full_sp26/raw/Images_with_annotations_for_CNN_training/D3283-2_2024_02_06_15_37_28_Kentucky.ndpi,1,67,11,1,54,0,1
D3846_L_2024_02_20_11_51_22_N_Dakota,D3846_L_2024_02_20_11_51_22_N_Dakota.ndpi.ndpa,1566b97fb157c0a76796378032d2ee20d3de09efc36ee77c2c99d1eb2ef0e912,/rhf/allocations/dsci435/smithsonian_full_sp26/raw/Images_with_annotations_for_CNN_training/D3846_L_2024_02_20_11_51_22_N_Dakota.ndpi,1,40,5,0,30,0,5
D8401-A_L_2024_01_18_13_05_54_Alaska,D8401-A_L_2024_01_18_13_05_54_Alaska.ndpi.ndpa,58fab7d9bf7d64c103dfb697c8203054a030f97cfacf13620b4c847eec46d8d5,/rhf/allocations/dsci435/smithsonian_full_sp26/raw/Images_with_annotations_for_CNN_training/D8401-A_L_2024_01_18_13_05_54_Alaska.ndpi,1,390,214,23,152,0,1
D1821_1_L_2024_01_22_16_22_31_New_Mex,D1821_1_L_2024_01_22_16_22_31_New_Mex.ndpi.ndpa,bda5b1d8863e0a7c14cff1f062ffaee4a1edd317fccd2b2ba1ad3bbe5261de91,/rhf/allocations/dsci435/smithsonian_full_sp26/raw/Images_with_annotations_for_CNN_training/D1821_1_L_2024_01_22_16_22_31_New_Mex.ndpi,1,108,26,4,76,0,2
D1821_1_R_2024_01_23_15_01_49_New_Mex,D1821_1_R_2024_01_23_15_01_49_New_Mex.ndpi.ndpa,70a46122717e49ec1560c0bdf580a2da8530cbea06bde48463991a647f3ec176,/rhf/allocations/dsci435/smithsonian_full_sp26/raw/Images_with_annotations_for_CNN_training/D1821_1_R_2024_01_23_15_01_49_New_Mex.ndpi,1,75,13,2,58,0,2
D3869-1_L_2024_02_20_12_12_54_Wyoming,D3869-1_L_2024_02_20_12_12_54_Wyoming.ndpi.ndpa,9b0cfdcfc8e3806b059590eaaffb1227cd08dbee7699ccb3710ed067c5fd5f87,/rhf/allocations/dsci435/smithsonian_full_sp26/raw/Images_with_annotations_for_CNN_training/D3869-1_L_2024_02_20_12_12_54_Wyoming.ndpi,1,70,23,3,41,0,3
D3869-1_R_2024_02_20_17_53_41_Wyoming,D3869-1_R_2024_02_20_17_53_41_Wyoming.ndpi.ndpa,daab92dd3ed7f2c6dbd075f4a1b63b983230b0a5268fa21473a22e711cd04b04,/rhf/allocations/dsci435/smithsonian_full_sp26/raw/Images_with_annotations_for_CNN_training/D3869-1_R_2024_02_20_17_53_41_Wyoming.ndpi,1,85,33,0,50,0,2
D5964-1_L_2024_02_06_10_17_07_Wyoming,D5964-1_L_2024_02_06_10_17_07_Wyoming.ndpi.ndpa,8e5a0b34c8dd41668e1cc431b7dc92cad819b5c8b9953939a86beca5ba1423fd,/rhf/allocations/dsci435/smithsonian_full_sp26/raw/Images_with_annotations_for_CNN_training/D5964-1_L_2024_02_06_10_17_07_Wyoming.ndpi,1,59,2,0,55,0,2
D9151-A-2_L_2024_02_02_16_08_52_Texas,D9151-A-2_L_2024_02_02_16_08_52_Texas.ndpi.ndpa,c2ed54366aa1fa4c22ec65ad4d27956900146ca978689151f2788d274b306cce,/rhf/allocations/dsci435/smithsonian_full_sp26/raw/Images_with_annotations_for_CNN_training/D9151-A-2_L_2024_02_02_16_08_52_Texas.ndpi,1,1304,18,0,1285,0,1
D3094-1_R_2024_02_20_17_15_37_Colorado,D3094-1_R_2024_02_20_17_15_37_Colorado.ndpi.ndpa,02822ac1e288ba5062107d52cf2f734827fc3818f8fcba9c17cb1c55ddf4d013,/rhf/allocations/dsci435/smithsonian_full_sp26/raw/Images_with_annotations_for_CNN_training/D3094-1_R_2024_02_20_17_15_37_Colorado.ndpi,1,172,5,2,164,0,1
D3094_1_L_2024_02_20_11_32_26_Colorado,D3094_1_L_2024_02_20_11_32_26_Colorado.ndpi.ndpa,545e12cfa6212c28d6468397cdd939b4fe7cc94edb151a45c2476e8573c74632,/rhf/allocations/dsci435/smithsonian_full_sp26/raw/Images_with_annotations_for_CNN_training/D3094_1_L_2024_02_20_11_32_26_Colorado.ndpi,1,172,54,10,107,0,1
D3202_C_R_2024_02_20_18_12_34_Kentucky,D3202_C_R_2024_02_20_18_12_34_Kentucky.ndpi.ndpa,73a30d714d5d5ea27b199d7df235607fbbb51a3103a687e3dd688a8d04ac77d4,/rhf/allocations/dsci435/smithsonian_full_sp26/raw/Images_with_annotations_for_CNN_training/D3202_C_R_2024_02_20_18_12_34_Kentucky.ndpi,1,220,13,0,206,0,1
D4191_I_L_2024_02_06_12_10_36_Kentucky,D4191_I_L_2024_02_06_12_10_36_Kentucky.ndpi.ndpa,094bb111629dcefa4ee2fd6da9d1aa248931edf3fa86870e7f0636e894c657d7,/rhf/allocations/dsci435/smithsonian_full_sp26/raw/Images_with_annotations_for_CNN_training/D4191_I_L_2024_02_06_12_10_36_Kentucky.ndpi,1,52,1,0,48,0,3
D4220-A_L_2024-02-06_11_51_42_Maryland,D4220-A_L_2024-02-06_11_51_42_Maryland.ndpi.ndpa,162b15cdc06d3ebc529c691953d0f834cb31d7b74de3740aac6a67c971c38910,/rhf/allocations/dsci435/smithsonian_full_sp26/raw/Images_with_annotations_for_CNN_training/D4220-A_L_2024-02-06_11_51_42_Maryland.ndpi,1,69,10,3,55,0,1
D4220_A_L_2024_02_06_11_51_42_Maryland,D4220_A_L_2024_02_06_11_51_42_Maryland.ndpi.ndpa,31020a1148fa5334db00b654f2262c9d260cc5e23d40cceb9ba3ffc2134304a7,/rhf/allocations/dsci435/smithsonian_full_sp26/raw/Images_with_annotations_for_CNN_training/D4220_A_L_2024_02_06_11_51_42_Maryland.ndpi,1,63,6,7,49,0,1
D5542_1_R_2024_02_06_14_21_49_Colorado,D5542_1_R_2024_02_06_14_21_49_Colorado.ndpi.ndpa,98d54d32e6e048d08f6dd1e848d09c3c2d03fee299407db3b37ce493d7c252da,/rhf/allocations/dsci435/smithsonian_full_sp26/raw/Images_with_annotations_for_CNN_training/D5542_1_R_2024_02_06_14_21_49_Colorado.ndpi,1,131,48,1,81,0,1
D5406_1_L_2024_02_09_10_25_26_Colorado,D5406_1_L_2024_02_09_10_25_26_Colorado.ndpi.ndpa,07db79df2653a89e6fb7f8591d4a8871e3b276daaab5d37bd136779b5a31a6dd,/rhf/allocations/dsci435/smithsonian_full_sp26/raw/Images_with_annotations_for_CNN_training/D5406_1_L_2024_02_09_10_25_26_Colorado.ndpi,1,124,0,0,122,0,2
D5542_1_L_2024_02_06_10_55_26_Colorado,D5542_1_L_2024_02_06_10_55_26_Colorado.ndpi.ndpa,c4702c7262c26cf2514174cd846121045d486840e9d8c0bed33a83434a62bc16,/rhf/allocations/dsci435/smithsonian_full_sp26/raw/Images_with_annotations_for_CNN_training/D5542_1_L_2024_02_06_10_55_26_Colorado.ndpi,1,88,39,3,45,0,1
D4354_3_R_2024_02_05_12_39_12_Arkansas,D4354_3_R_2024_02_05_12_39_12_Arkansas.ndpi.ndpa,a321f9aa947bee3daa427574bc9490acad316128afd08af997330a73b848151f,/rhf/allocations/dsci435/smithsonian_full_sp26/raw/Images_with_annotations_for_CNN_training/D4354_3_R_2024_02_05_12_39_12_Arkansas.ndpi,1,59,25,1,32,0,1
D3202_C_L_2024_02_20_12_31_51_Louisiana,D3202_C_L_2024_02_20_12_31_51_Louisiana.ndpi.ndpa,e341e7c38d1aea121191246a6bd5792dd94979bc8603b57c0616b390c1bff6ae,/rhf/allocations/dsci435/smithsonian_full_sp26/raw/Images_with_annotations_for_CNN_training/D3202_C_L_2024_02_20_12_31_51_Louisiana.ndpi,1,208,36,3,168,0,1
D3268_A-2_L_2024_02_01_12_52_49_Alabama,D3268_A-2_L_2024_02_01_12_52_49_Alabama.ndpi.ndpa,a6277ce25ebae81f206d5f25b33aa939e23bb4e8c5284d81ae1221f6de3ead18,/rhf/allocations/dsci435/smithsonian_full_sp26/raw/Images_with_annotations_for_CNN_training/D3268_A-2_L_2024_02_01_12_52_49_Alabama.ndpi,1,61,9,1,49,0,2
D3516-A_1_L_2024_02_20_12_51_02_Montana,D3516-A_1_L_2024_02_20_12_51_02_Montana.ndpi.ndpa,faf53e44a15265c21b24d89888e8db58fb489c30c64b12014247c2fb716c065f,/rhf/allocations/dsci435/smithsonian_full_sp26/raw/Images_with_annotations_for_CNN_training/D3516-A_1_L_2024_02_20_12_51_02_Montana.ndpi,1,64,20,0,42,0,2
D3516-A_1_R_2024_02_20_18_31_40_Montana,D3516-A_1_R_2024_02_20_18_31_40_Montana.ndpi.ndpa,5bf75fa15e4cd3bf96ec7053abc8536b2f3976f5c0ba5e8182d9eec3d6f6771c,/rhf/allocations/dsci435/smithsonian_full_sp26/raw/Images_with_annotations_for_CNN_training/D3516-A_1_R_2024_02_20_18_31_40_Montana.ndpi,1,63,11,0,50,0,2
D3516-B_2_L_2024_02_20_14_24_29_Montana,D3516-B_2_L_2024_02_20_14_24_29_Montana.ndpi.ndpa,9ac16ffb01fbe0e6d0d2817a3771cbdb7dfacc9d4fca2ebdcba1d058c6330fcf,/rhf/allocations/dsci435/smithsonian_full_sp26/raw/Images_with_annotations_for_CNN_training/D3516-B_2_L_2024_02_20_14_24_29_Montana.ndpi,1,89,19,1,67,0,2
D4919-A_1_L_2024_02_01_14_07_43_Georgia,D4919-A_1_L_2024_02_01_14_07_43_Georgia.ndpi.ndpa,25afec07432087f02fc4c91a71fe52bddea7001e0e1591efac325ac4d8b30b9c,/rhf/allocations/dsci435/smithsonian_full_sp26/raw/Images_with_annotations_for_CNN_training/D4919-A_1_L_2024_02_01_14_07_43_Georgia.ndpi,1,73,31,2,37,0,3
D6627-A-2_L_2024_02_02_12_53_43_Arkansas,D6627-A-2_L_2024_02_02_12_53_43_Arkansas.ndpi.ndpa,d7e423db157c48481534f566e64c856b5d7d7195a675eb8951b82d95a7c893ac,/rhf/allocations/dsci435/smithsonian_full_sp26/raw/Images_with_annotations_for_CNN_training/D6627-A-2_L_2024_02_02_12_53_43_Arkansas.ndpi,1,80,1,0,78,0,1
D6627-A-2_R_2024_02_02_17_42_28_Arkansas,D6627-A-2_R_2024_02_02_17_42_28_Arkansas.ndpi.ndpa,00263354d6f7a7eeda9079b0c78bc62f01852508ecdd219529bef9e375ba7575,/rhf/allocations/dsci435/smithsonian_full_sp26/raw/Images_with_annotations_for_CNN_training/D6627-A-2_R_2024_02_02_17_42_28_Arkansas.ndpi,1,138,3,0,134,0,1
D3202-D-1_R_2024_02_21_13_01_51_Louisiana,D3202-D-1_R_2024_02_21_13_01_51_Louisiana.ndpi.ndpa,eb0f4cb20717ba2289c520a05e25d2e87c107c9ffef4a07a0ad30e388cf020f7,/rhf/allocations/dsci435/smithsonian_full_sp26/raw/Images_with_annotations_for_CNN_training/D3202-D-1_R_2024_02_21_13_01_51_Louisiana.ndpi,1,85,1,0,83,0,1
D3266-1_L_2024_02_01_13_49_20_Mississippi,D3266-1_L_2024_02_01_13_49_20_Mississippi.ndpi.ndpa,4235e22ae15474f0153d81caf46aee4ce6529dfba6b3aecf3f1ec33dc7b43c69,/rhf/allocations/dsci435/smithsonian_full_sp26/raw/Images_with_annotations_for_CNN_training/D3266-1_L_2024_02_01_13_49_20_Mississippi.ndpi,1,63,3,0,59,0,1
D5151-B-1_L_2024_02_02_15_31_05_Tennessee,D5151-B-1_L_2024_02_02_15_31_05_Tennessee.ndpi.ndpa,3845de8d3671319782aff46ba9c681f31e894e383dd48ea0f57d1bbe25b6a4aa,/rhf/allocations/dsci435/smithsonian_full_sp26/raw/Images_with_annotations_for_CNN_training/D5151-B-1_L_2024_02_02_15_31_05_Tennessee.ndpi,1,338,17,1,319,0,1
Giraffe_20_1_95_R_Giraffe_2025_01_13_19_48_21,Giraffe_20_1_95_R_Giraffe_2025_01_13_19_48_21.ndpi.ndpa,db8ce04399ee5a21acc806372acd4929386de993a40748d1c51f30bff0a758d5,/rhf/allocations/dsci435/smithsonian_full_sp26/raw/Images_with_annotations_for_CNN_training/Giraffe_20_1_95_R_Giraffe_2025_01_13_19_48_21.ndpi,1,54,0,0,51,0,3
Giraffe_24_2_43_R_Giraffe_2025_01_14_10_06_00,Giraffe_24_2_43_R_Giraffe_2025_01_14_10_06_00.ndpi.ndpa,52a9ac43233e7fd980921af69522860b23c7595484a35f7c41b4b02257383864,/rhf/allocations/dsci435/smithsonian_full_sp26/raw/Images_with_annotations_for_CNN_training/Giraffe_24_2_43_R_Giraffe_2025_01_14_10_06_00.ndpi,1,53,4,0,46,0,3
Giraffe_26_3_146_L_Giraffe_2025_01_13_16_06_02,Giraffe_26_3_146_L_Giraffe_2025_01_13_16_06_02.ndpi.ndpa,a8c23e73a3d26f664d1ed185cd4e3c22e7cd410a990bd9a8d0063ba7151f0c06,/rhf/allocations/dsci435/smithsonian_full_sp26/raw/Images_with_annotations_for_CNN_training/Giraffe_26_3_146_L_Giraffe_2025_01_13_16_06_02.ndpi,1,58,0,0,56,0,2
USNMPAL_792727_D1376_2024_01_22_16_00_33_Wyoming,USNMPAL_792727_D1376_2024_01_22_16_00_33_Wyoming.ndpi.ndpa,aa46a7369ac01477618970c6bee235490d57450567cea1682e0456c6c71d7c74,/rhf/allocations/dsci435/smithsonian_full_sp26/raw/Images_with_annotations_for_CNN_training/USNMPAL_792727_D1376_2024_01_22_16_00_33_Wyoming.ndpi,1,68,39,1,25,0,3
C_418058_W_Nassichuk_R_2025_01_21_14_59_16_Alaska,C_418058_W_Nassichuk_R_2025_01_21_14_59_16_Alaska.ndpi.ndpa,00de5abfe35a4bef4c4ff4852e627c673fdd51526b5b9e4ae46580f1f824e564,/rhf/allocations/dsci435/smithsonian_full_sp26/raw/Images_with_annotations_for_CNN_training/C_418058_W_Nassichuk_R_2025_01_21_14_59_16_Alaska.ndpi,1,150,69,1,79,0,1
C_418081_W_Nassichuk_R_2025_01_21_12_58_10_Alaska,C_418081_W_Nassichuk_R_2025_01_21_12_58_10_Alaska.ndpi.ndpa,693a548fed39ad2f188e9e4350c1036647326be5b7537959194ae29727e1684e,/rhf/allocations/dsci435/smithsonian_full_sp26/raw/Images_with_annotations_for_CNN_training/C_418081_W_Nassichuk_R_2025_01_21_12_58_10_Alaska.ndpi,1,126,12,0,113,0,1
C_418107_W_Nassichuk_R_2025_01_21_11_16_25_Alaska,C_418107_W_Nassichuk_R_2025_01_21_11_16_25_Alaska.ndpi.ndpa,2ae804739407b07baf5b788ced5de42487c8694a1c048f2e6ffcabdddd8d50f7,/rhf/allocations/dsci435/smithsonian_full_sp26/raw/Images_with_annotations_for_CNN_training/C_418107_W_Nassichuk_R_2025_01_21_11_16_25_Alaska.ndpi,1,118,35,1,81,0,1
C_418109_W_Nassichuk_R_2025_01_21_10_57_19_Alaska,C_418109_W_Nassichuk_R_2025_01_21_10_57_19_Alaska.ndpi.ndpa,e091985460b070fa537f4a5a17ff4804cc9fab071fe48358c7b3c1a27593950b,/rhf/allocations/dsci435/smithsonian_full_sp26/raw/Images_with_annotations_for_CNN_training/C_418109_W_Nassichuk_R_2025_01_21_10_57_19_Alaska.ndpi,1,60,5,1,53,0,1
C_418070_W_Nassichuk_R_2025_01_21_14_17_12_Alaska,C_418070_W_Nassichuk_R_2025_01_21_14_17_12_Alaska.ndpi.ndpa,ec58ca7f5569ee6ffda0f5ebb3eb6259a8384efb6a8b18ee8820d7e1dfdad1e4,/rhf/allocations/dsci435/smithsonian_full_sp26/raw/Images_with_annotations_for_CNN_training/C_418070_W_Nassichuk_R_2025_01_21_14_17_12_Alaska.ndpi,1,160,28,7,123,0,2
C_418114_W_Nassichuk_L_2025_01_14_16_15_48_Alaska,C_418114_W_Nassichuk_L_2025_01_14_16_15_48_Alaska.ndpi.ndpa,7196b7c65001aae52d05931bc9683a2b091370dd8d87fa6797a2fb370ce28d0b,/rhf/allocations/dsci435/smithsonian_full_sp26/raw/Images_with_annotations_for_CNN_training/C_418114_W_Nassichuk_L_2025_01_14_16_15_48_Alaska.ndpi,1,274,95,2,176,0,1
C_418080_W_Nassichuk_L_2025_01_14_19_14_58_Alaska,C_418080_W_Nassichuk_L_2025_01_14_19_14_58_Alaska.ndpi.ndpa,cd06e896ea5e35ee5f5b42bd29bd6f8c10d7eb578e88a6d4135aec124e3ca4f2,/rhf/allocations/dsci435/smithsonian_full_sp26/raw/Images_with_annotations_for_CNN_training/C_418080_W_Nassichuk_L_2025_01_14_19_14_58_Alaska.ndpi,1,226,91,0,134,0,1
USNMPAL_792666_D1074_2024_01_26_10_32_56_N_Dakota,USNMPAL_792666_D1074_2024_01_26_10_32_56_N_Dakota.ndpi.ndpa,e888eed5c350636fba0ef7b68badfe6235995df8b603b76d4cc61b946c3ee28f,/rhf/allocations/dsci435/smithsonian_full_sp26/raw/Images_with_annotations_for_CNN_training/USNMPAL_792666_D1074_2024_01_26_10_32_56_N_Dakota.ndpi,1,52,8,0,41,0,3
USNMPAL_792717_D1350_L_2024_02_20_15_21_31_Oregon,USNMPAL_792717_D1350_L_2024_02_20_15_21_31_Oregon.ndpi.ndpa,2a655a500d2204a8bfd51f4aa006cf8263285b1167e032546d58a800f5ac649f,/rhf/allocations/dsci435/smithsonian_full_sp26/raw/Images_with_annotations_for_CNN_training/USNMPAL_792717_D1350_L_2024_02_20_15_21_31_Oregon.ndpi,1,133,27,1,104,0,1
USNMPAL_792719_D1357_2023_11_09_10_41_27_Colorado,USNMPAL_792719_D1357_2023_11_09_10_41_27_Colorado.ndpi.ndpa,0addfde2b9fe4f4976b35941eca28187194d77d6f0898372cfe5ccb592dc52c8,/rhf/allocations/dsci435/smithsonian_full_sp26/raw/Images_with_annotations_for_CNN_training/USNMPAL_792719_D1357_2023_11_09_10_41_27_Colorado.ndpi,1,196,6,0,189,0,1
USNMPAL_792815_D1524_L_2024_01_26_10_53_45_Oregon,USNMPAL_792815_D1524_L_2024_01_26_10_53_45_Oregon.ndpi.ndpa,33115070e84b12e74e4c5f7ff5192fb8ff6f8cee7be28c6407b940157a925459,/rhf/allocations/dsci435/smithsonian_full_sp26/raw/Images_with_annotations_for_CNN_training/USNMPAL_792815_D1524_L_2024_01_26_10_53_45_Oregon.ndpi,1,54,2,0,49,0,3
USNMPAL_792924_D1820_2024-01-23_13_40_57_N_Mexico,USNMPAL_792924_D1820_2024-01-23_13_40_57_N_Mexico.ndpi.ndpa,b8cb41aa1590de09f08494721a5423713af3e44c3c3681e26e92847994ff587e,/rhf/allocations/dsci435/smithsonian_full_sp26/raw/Images_with_annotations_for_CNN_training/USNMPAL_792924_D1820_2024-01-23_13_40_57_N_Mexico.ndpi,1,50,5,0,44,0,1
USNMPAL_793471_D3915_L_2024-01-22_10_22_34_Alaska,USNMPAL_793471_D3915_L_2024-01-22_10_22_34_Alaska.ndpi.ndpa,22f254ccad595683d68f2c9395ffabd356e776113d23787ca4f853d321c814b2,/rhf/allocations/dsci435/smithsonian_full_sp26/raw/Images_with_annotations_for_CNN_training/USNMPAL_793471_D3915_L_2024-01-22_10_22_34_Alaska.ndpi,1,114,3,0,110,0,1
USNMPAL_793471_D3915_L_2024_01_22_10_22_34_Alaska,USNMPAL_793471_D3915_L_2024_01_22_10_22_34_Alaska.ndpi.ndpa,b2107544c7bcf35209de7fd57bcbf234cbc1042cb5c9c402a82c57540c003813,/rhf/allocations/dsci435/smithsonian_full_sp26/raw/Images_with_annotations_for_CNN_training/USNMPAL_793471_D3915_L_2024_01_22_10_22_34_Alaska.ndpi,1,114,13,0,100,0,1
USNMPAL_793472_D3916_R_2023_11_20_17_04_43_Alaska,USNMPAL_793472_D3916_R_2023_11_20_17_04_43_Alaska.ndpi.ndpa,f72ff719fcacd60c2418affbba9d4ff5b3380d9a891263cad9875060a18adacf,/rhf/allocations/dsci435/smithsonian_full_sp26/raw/Images_with_annotations_for_CNN_training/USNMPAL_793472_D3916_R_2023_11_20_17_04_43_Alaska.ndpi,1,83,5,0,77,0,1
USNM_792877_D1727_L_2024_03_14_10_25_59_Washington,USNM_792877_D1727_L_2024_03_14_10_25_59_Washington.ndpi.ndpa,ac47d0a11b0bb144203c61546aa5df8d00d6e159de0de47eba15eb914e6c0a8a,/rhf/allocations/dsci435/smithsonian_full_sp26/raw/Images_with_annotations_for_CNN_training/USNM_792877_D1727_L_2024_03_14_10_25_59_Washington.ndpi,1,167,28,1,137,0,1
USNMPAL_792668_D1091_2024_01_25_16_57_52_Tennessee,USNMPAL_792668_D1091_2024_01_25_16_57_52_Tennessee.ndpi.ndpa,59b42a79818e23c5d2eab88d2a7e67d1fb69c226f1ef93641027037e4ef82fde,/rhf/allocations/dsci435/smithsonian_full_sp26/raw/Images_with_annotations_for_CNN_training/USNMPAL_792668_D1091_2024_01_25_16_57_52_Tennessee.ndpi,1,93,4,0,86,0,3
USNMPAL_792715_D1298_L_2024_01_25_14_55_02_Wyoming,USNMPAL_792715_D1298_L_2024_01_25_14_55_02_Wyoming.ndpi.ndpa,789c89c006e2a12f764d5029ee87f45978f954a0aefa9758f6968a111c09c58b,/rhf/allocations/dsci435/smithsonian_full_sp26/raw/Images_with_annotations_for_CNN_training/USNMPAL_792715_D1298_L_2024_01_25_14_55_02_Wyoming.ndpi,1,84,5,0,77,0,2
USNMPAL_792723_D1366-D_2024_09_19_09_27_16_Maryland,USNMPAL_792723_D1366-D_2024_09_19_09_27_16_Maryland.ndpi.ndpa,ad37f3ff593e2f48317239cb80f0cd7208164b57241acb2ff0746bf776644d84,/rhf/allocations/dsci435/smithsonian_full_sp26/raw/Images_with_annotations_for_CNN_training/USNMPAL_792723_D1366-D_2024_09_19_09_27_16_Maryland.ndpi,1,151,9,0,141,0,1
USNMPAL_792724_D1367_A_2024_01_25_15_32_32_Maryland,USNMPAL_792724_D1367_A_2024_01_25_15_32_32_Maryland.ndpi.ndpa,987d91c1d31ebd9e935ef7a85799b4aabd18909b7a190a7784679bde049ea494,/rhf/allocations/dsci435/smithsonian_full_sp26/raw/Images_with_annotations_for_CNN_training/USNMPAL_792724_D1367_A_2024_01_25_15_32_32_Maryland.ndpi,1,68,1,0,65,0,2
USNMPAL_792725_D1367-B_2024_09_19_09_45_18_S_Dakota,USNMPAL_792725_D1367-B_2024_09_19_09_45_18_S_Dakota.ndpi.ndpa,d6124e91cf36f43342e3489c606804d134faabb0d2671cd3ebbdfd05b41785d7,/rhf/allocations/dsci435/smithsonian_full_sp26/raw/Images_with_annotations_for_CNN_training/USNMPAL_792725_D1367-B_2024_09_19_09_45_18_S_Dakota.ndpi,1,63,8,2,52,0,1
USNMPAL_792733_D1388_L_2024_01_22_11_09_00_S_Dakota,USNMPAL_792733_D1388_L_2024_01_22_11_09_00_S_Dakota.ndpi.ndpa,6402507b7d1a03733ad2a7409e1891b71c3a9bf6d3fc76a58d92fcbd41a9ec84,/rhf/allocations/dsci435/smithsonian_full_sp26/raw/Images_with_annotations_for_CNN_training/USNMPAL_792733_D1388_L_2024_01_22_11_09_00_S_Dakota.ndpi,1,83,2,0,80,0,1
USNMPAL_792851_D1644_2024_01_26_11_12_23_California,USNMPAL_792851_D1644_2024_01_26_11_12_23_California.ndpi.ndpa,fa905514a96d6a36e973c17bd3b34d290bd456acfad932c5485f38966623a018,/rhf/allocations/dsci435/smithsonian_full_sp26/raw/Images_with_annotations_for_CNN_training/USNMPAL_792851_D1644_2024_01_26_11_12_23_California.ndpi,1,69,16,5,46,0,2
USNMPAL_792854_D1668_L_2024_01_25_16_38_58_Kentucky,USNMPAL_792854_D1668_L_2024_01_25_16_38_58_Kentucky.ndpi.ndpa,299ec718ba4bc32f0d162eb6e32a601ef13e29e6b1eb0e3444d48abfc9502abe,/rhf/allocations/dsci435/smithsonian_full_sp26/raw/Images_with_annotations_for_CNN_training/USNMPAL_792854_D1668_L_2024_01_25_16_38_58_Kentucky.ndpi,1,134,99,5,29,0,1
USNMPAL_793077_D3163-A_2024_07_29_10_45_13_Arkansas,USNMPAL_793077_D3163-A_2024_07_29_10_45_13_Arkansas.ndpi.ndpa,f0159613c70f509ba505cfa36c553c98bb3f8aee7e1edb7628319c1fca06d9d7,/rhf/allocations/dsci435/smithsonian_full_sp26/raw/Images_with_annotations_for_CNN_training/USNMPAL_793077_D3163-A_2024_07_29_10_45_13_Arkansas.ndpi,1,390,4,0,385,0,1
USNMPAL_793576_D4117_L_2024_02_02_12_34_41_Arkansas,USNMPAL_793576_D4117_L_2024_02_02_12_34_41_Arkansas.ndpi.ndpa,72eafd6d40c5c3fdfe85ab1082fa6f899946390d423b9c4c9b120a598d5dcc55,/rhf/allocations/dsci435/smithsonian_full_sp26/raw/Images_with_annotations_for_CNN_training/USNMPAL_793576_D4117_L_2024_02_02_12_34_41_Arkansas.ndpi,1,88,1,0,84,0,3
USNMPAL_792673_D1166_A_L_2023_11_09_12_47_47_Wyoming,USNMPAL_792673_D1166_A_L_2023_11_09_12_47_47_Wyoming.ndpi.ndpa,a32f3de55bc2a0b8a3ceafa237954cd04b1aee603a00b4073a42a250f68782b0,/rhf/allocations/dsci435/smithsonian_full_sp26/raw/Images_with_annotations_for_CNN_training/USNMPAL_792673_D1166_A_L_2023_11_09_12_47_47_Wyoming.ndpi,1,228,13,8,206,0,1
USNMPAL_792673_D1166_A_R_2023_11_09_15_17_21_Wyoming,USNMPAL_792673_D1166_A_R_2023_11_09_15_17_21_Wyoming.ndpi.ndpa,be6dedf34ab37334eda71487de979e235b01211f3307c12e841c31dc0be954d7,/rhf/allocations/dsci435/smithsonian_full_sp26/raw/Images_with_annotations_for_CNN_training/USNMPAL_792673_D1166_A_R_2023_11_09_15_17_21_Wyoming.ndpi,1,118,5,0,112,0,1
USNMPAL_792738_D1392_A_R_2024_01_25_13_58_00_Wyoming,USNMPAL_792738_D1392_A_R_2024_01_25_13_58_00_Wyoming.ndpi.ndpa,42273e44258db09dc9a2908ae0e1b86d691b605b6741e3d99227f6259bcd20e5,/rhf/allocations/dsci435/smithsonian_full_sp26/raw/Images_with_annotations_for_CNN_training/USNMPAL_792738_D1392_A_R_2024_01_25_13_58_00_Wyoming.ndpi,1,68,0,0,67,0,1
USNMPAL_792852_D1667-A_R_2024_02_2019_29_55_Kentucky,USNMPAL_792852_D1667-A_R_2024_02_2019_29_55_Kentucky.ndpi.ndpa,6f5370686d75543b0db6b14d43db34fae8be638037c155844f210085f4a5c232,/rhf/allocations/dsci435/smithsonian_full_sp26/raw/Images_with_annotations_for_CNN_training/USNMPAL_792852_D1667-A_R_2024_02_2019_29_55_Kentucky.ndpi,1,172,19,0,152,0,1
USNMPAL_793367_D3702_L_2024_02_02_15_49_54_Tennessee,USNMPAL_793367_D3702_L_2024_02_02_15_49_54_Tennessee.ndpi.ndpa,df9f81058cd0d0bf94c320c18214fada357da9e94a1966f426e1bd430ba4dd47,/rhf/allocations/dsci435/smithsonian_full_sp26/raw/Images_with_annotations_for_CNN_training/USNMPAL_793367_D3702_L_2024_02_02_15_49_54_Tennessee.ndpi,1,92,8,0,82,0,2
USNMPAL_793367_D3702_R_2024_02_05_12_01_01_Tennessee,USNMPAL_793367_D3702_R_2024_02_05_12_01_01_Tennessee.ndpi.ndpa,47adc5ef84fe6f4e741f4a6d6f0b5dc222ded9ba66ee74736b794b8a78b4b6de,/rhf/allocations/dsci435/smithsonian_full_sp26/raw/Images_with_annotations_for_CNN_training/USNMPAL_793367_D3702_R_2024_02_05_12_01_01_Tennessee.ndpi,1,111,10,1,99,0,1
USNMPAL_792852_D1667-A_L_2024_02_20_14_05_57_Kentucky,USNMPAL_792852_D1667-A_L_2024_02_20_14_05_57_Kentucky.ndpi.ndpa,ab3222226c22f3438157642da4214b05033750b9ba07ff934c4047efab94a486,/rhf/allocations/dsci435/smithsonian_full_sp26/raw/Images_with_annotations_for_CNN_training/USNMPAL_792852_D1667-A_L_2024_02_20_14_05_57_Kentucky.ndpi,1,116,37,2,76,0,1
USNMPAL_792954_D1890-4_L_2024_09_19_11_55_30_Kentucky,USNMPAL_792954_D1890-4_L_2024_09_19_11_55_30_Kentucky.ndpi.ndpa,2e19ce60de801f14a95aaa11b18412dc0a08842f0e2306f2cd0e3838dba67a2b,/rhf/allocations/dsci435/smithsonian_full_sp26/raw/Images_with_annotations_for_CNN_training/USNMPAL_792954_D1890-4_L_2024_09_19_11_55_30_Kentucky.ndpi,1,84,0,0,82,0,2
Giraffe_20_3_47_BLEACHED_R_Giraffe_2025_01_14_09_06_36,Giraffe_20_3_47_BLEACHED_R_Giraffe_2025_01_14_09_06_36.ndpi.ndpa,bb729efb9ff93646c527166e18505dd8abb8318e8077d4729606603ac9aeeeb5,/rhf/allocations/dsci435/smithsonian_full_sp26/raw/Images_with_annotations_for_CNN_training/Giraffe_20_3_47_BLEACHED_R_Giraffe_2025_01_14_09_06_36.ndpi,1,55,0,0,52,0,3
USNMPAL_792930_D1825_L_2023_11_07_13_36_14_image1_Kentucky,USNMPAL_792930_D1825_L_2023_11_07_13_36_14_image1_Kentucky.ndpi.ndpa,37f2b6a0e22d0891e09d84e46d656d46d361d0f57a945cbbaa7c46b916fc6d23,/rhf/allocations/dsci435/smithsonian_full_sp26/raw/Images_with_annotations_for_CNN_training/USNMPAL_792930_D1825_L_2023_11_07_13_36_14_image1_Kentucky.ndpi,1,99,2,0,96,0,1
