annotation_title,observed,expected,difference
alg,44,44,0
alg?,9,9,0
Alnipollenites sp.,7,7,0
Alnipollenites verus,85,85,0
Amanoa sp.,1,1,0
Amerospore,7,7,0
Arecipites reticulatus,1,1,0
Arecipites sp.,77,77,0
Arecipites tenuiexinous,1,1,0
Azolla,2,2,0
Betulaceae,76,76,0
Betulaceae sp.,1,1,0
Betulaceae/Myricaceae,1,1,0
Bipol,264,264,0
bipol,1,1,0
Bisaccate,40,40,0
Bisaccate pollen,11,11,0
Bombacacidites cf. annae,1,1,0
Bombacacidites sp.,14,14,0
Botryoccocus,1,1,0
Botryococcus,3,3,0
Bulbilspore,3,3,0
Calamuspollenites?,1,1,0
Caprifoliipites paleocenicus,1,1,0
Caprifoliipites sp.,5,5,0
Caprifollipites sp.,1,1,0
Carya sp.,3,3,0
Caryapollenites,9,9,0
Caryapollenites imparalis,34,34,0
Caryapollenites prodromus,1,1,0
Caryapollenites sp.,33,33,0
Caryapollenites veripites,55,55,0
Caryapollenites wodehousei,14,14,0
Caryapollenotes sp.,1,1,0
Cicatricosisporites,2,2,0
Cicatricosisporites dorogensis,15,15,0
Cicatricosisporites sp.,35,35,0
clavaperipollenites circularis,1,1,0
Clavatricolpites sp.,2,2,0
Corsinipollenites operculatus,1,1,0
Corsinipollenites sp.,6,6,0
Corsinipollenites undulatus,1,1,0
Cupuliferoipollenites sp.,27,27,0
Cyathiacidites sp.,1,1,0
Cyathidites,6,6,0
Cyathidites sp.,13,13,0
Deltoidospora,1,1,0
Deltoidospora microadriennis,1,1,0
Deltoidospora sp.,17,17,0
Didymospore,3,3,0
din,132,132,0
din?,7,7,0
Dinocyst,2,2,0
Dinocyst 4220,1,1,0
Dinocyst D4220,1,1,0
Echiperiporites akanthos,2,2,0
Echipollenites sp.,1,1,0
Echitricolpites microechinatus,12,12,0
Ericaipites sp.,1,1,0
Ericipites,1,1,0
Ericipites sp.,52,52,0
Fraxinoipollenites sp.,16,16,0
fun,332,332,0
Germling,2,2,0
Gothanipollis sp.,2,2,0
Hippocrateaceaedites kernii,10,10,0
Hippocrateaceaedites sp.,1,1,0
Horniella sp.,15,15,0
Illexpollenites,1,1,0
Illexpollenites sp.,32,32,0
Inaperturopollenites,1,1,0
Inaperturopollenites sp.,42,42,0
Juglans,1,1,0
Juglans nigripites,12,12,0
Laevigatosporites,2,2,0
Laevigatosporites sp.,35,35,0
Liliacidites sp.,2,2,0
Momipites,156,156,0
Momipites coryloides,1,1,0
Momipites flexus,38,38,0
Momipites microfoveolatus,2,2,0
Momipites sp,1,1,0
Momipites sp.,23,23,0
Momipites ventifluminis,60,60,0
Momipites vermifluminis,1,1,0
Momipites wyomingensis,51,51,0
Momipites?,1,1,0
Monocolpate,1,1,0
Monocolpites,7,7,0
Monocolpites sp,2,2,0
Monocolpites sp.,16,16,0
Monocolpites?,1,1,0
Monolete,1,1,0
Monoporopollenites annulatus,3,3,0
Monosulcites,6,6,0
Myrtaceae type,3,3,0
Myrtaceidites parvus,1,1,0
Nudipollis sp.,1,1,0
Nudopollis sp.,84,84,0
Nyssapollenites sp.,5,5,0
Nyssapollenitessp.,1,1,0
paly,1926,1926,0
Paly,3,3,0
paly?,4,4,0
Pediastrum,11,11,0
Peripollenites sp,1,1,0
Peripollenites sp.,2,2,0
Periporites sp.,9,9,0
Periposites sp.,1,1,0
Phragmospore,2,2,0
Pistillipollenites mcgregorii,56,56,0
Pistillipollenites sp.,8,8,0
Platycarya cf. triplicata,1,1,0
Platycarya platycarioides,19,19,0
Platycarya platycaryoides,36,36,0
Platycaryapollenites platycaryoides,1,1,0
Platycaryapollenites swasticoidus,80,80,0
pol,5999,5999,0
pol.,1,1,0
pol?,6,6,0
Polyatriopollenites sp.,8,8,0
Polyatriopollenites tricostatus,1,1,0
Polyatriopollenites vermontensis,22,22,0
Polypodiaceoisporites sp.,1,1,0
Polypodiisporites sp.,2,2,0
Proxaperites sp.,1,1,0
Proxapertites sp.,1,1,0
Psilamocolpites sp.,1,1,0
Psilamonocolpites,1,1,0
Psilamonocolpites sp.,45,45,0
Psilaperiporites cactus,1,1,0
Psilaperiporites sp.,1,1,0
Psilatricolpites compactus,6,6,0
Psilatricolpites sp.,54,54,0
Psilatricolpitessp.,1,1,0
Psilatricolporites operculatus,1,1,0
Psilatricolporites sp.,13,13,0
Psilatriletes sp.,3,3,0
Psilatriporites minutus,1,1,0
Psilatriporites sp.,4,4,0
Quercus sp.,44,44,0
Retipollenites,1,1,0
Retipollenites sp.,74,74,0
Retitrescolpites,1,1,0
Retitricolpites sp.,9,9,0
Retitricolporites coarsus,1,1,0
Retitricolporites sp.,4,4,0
Rhoipites cryptoporus,1,1,0
Rhoipites sp.,27,27,0
Rousea linguiflumena,1,1,0
Rousea sp,1,1,0
Rousea sp.,47,47,0
Siltaria sp.,21,21,0
SIltaria sp.,1,1,0
Spinizonocolpites sp.,3,3,0
spo,255,255,0
spo?,26,26,0
Stereisporites? sp.,1,1,0
Striatopollis cf. catatumbus,1,1,0
Striatricolporites sp.,3,3,0
Taxodium sp.,62,62,0
Tetracolporites sp.,2,2,0
Tetracolporopollenites sp.,64,64,0
Tetraxolporopollenites sp.,1,1,0
Tiliapollenites sp.,25,25,0
Tricolpites,9,9,0
Tricolpites compactus,1,1,0
Tricolpites sp.,14,14,0
Tricolporites,4,4,0
Tricolporites sp.,1,1,0
Tricolporopollenites sp.,7,7,0
Trilete,4,4,0
Triletes,2,2,0
Triporites sp.,2,2,0
Triporopollenites sp.,8,8,0
Tsuga,11,11,0
Ulmipollenites sp.,51,51,0
Ulmipollenites tricostatus,1,1,0
Ulmoideipites sp.,10,10,0
Ulmopollenites sp.,1,1,0
Verrucingulatisporites sp.,2,2,0
Verrupollenites densus,1,1,0
Verrupollenites sp.,1,1,0
Verrutricolpites sp.,7,7,0
Zopfiella type,4,4,0
