category,priority,annotation_records,slides,largest_slide_count,spreadsheet_count
Algae,NO,59,19,18,59
Alnipollenites verus,YES,2,2,1,92
Arecipites sp.,YES,2,2,1,81
Betulaceae,YES,15,11,3,78
Bisaccate,YES,335,44,44,316
Bombacacidites sp.,YES,1,1,1,40
Calamuspollenites?,NO,1,1,1,1
Caprifollipites sp.,NO,0,0,0,7
Caryapollenites sp.,YES,37,14,8,95
Caryapollenites veripites,YES,7,3,5,55
Cicatricosisporites sp.,YES,19,6,8,52
Clavaperipollenites,NO,0,0,0,1
Clavatricolpites sp.,NO,0,0,0,2
Cupuliferoipollenites sp.,YES,7,1,7,27
Dinocyst,NO,148,34,27,143
Echiperiporites akanthos,NO,0,0,0,2
Echipollenites sp.,NO,0,0,0,1
Echitricolpites microechinatus,NO,0,0,0,12
Ericipites sp.,YES,8,6,3,54
Fungi,NO,355,54,63,353
Gothanipollis sp.,NO,0,0,0,2
Hippocrateaceaedites sp.,NO,0,0,0,11
Illexpollenites sp.,YES,5,4,2,33
Inaperturopollenites sp.,YES,10,2,9,43
Indet.,NO,2012,81,133,1944
Juglans sp.,NO,2,2,1,1
Laevigatosporites sp.,YES,5,4,2,38
Momipites flexus,YES,0,0,0,38
Momipites sp,YES,261,39,71,184
Momipites ventifluminis,YES,0,0,0,61
Momipites wyomingensis,YES,1,1,1,51
Monocolpites sp.,YES,33,12,16,80
Monoporopollenites,NO,3,3,1,3
Nudopollis sp.,YES,0,0,0,89
Nyssapollenites sp.,NO,0,0,0,6
Periporites sp.,MAYBE,0,0,0,15
Pistillipollenites sp.,YES,0,0,0,64
Platycarya platycarioides,YES,11,5,5,56
Platycaryapollenites swasticoidus,YES,0,0,0,81
Polyatriopollenites type,YES,1,1,1,43
Polypodiaceoisporites sp.,NO,0,0,0,1
Polypodiisporites sp.,NO,0,0,0,2
Proxapertites sp.,NO,0,0,0,2
Psilatricolpites sp.,YES,0,0,0,61
Psilatriletes sp.,YES,20,13,4,48
Quercus sp.,YES,8,1,8,44
Retipollenites sp.,YES,1,1,1,75
Retitricolpites sp.,MAYBE,1,1,1,26
Retitricolporites coarsus,NO,0,0,0,1
Rhoipites sp.,YES,29,1,29,65
Rousea sp.,YES,0,0,0,54
Spinizonocolpites sp.,NO,0,0,0,3
Stereisporites? sp.,NO,0,0,0,1
Striatricolporites sp.,NO,0,0,0,4
Taxodium sp.,YES,1,1,1,62
Tetracolporopollenites sp.,YES,0,0,0,67
Tricolpites sp.,MAYBE,27,13,6,24
Tricolporites sp.,MAYBE,27,5,21,26
Triporites sp.,MAYBE,0,0,0,23
Tsuga,NO,0,0,0,11
Ulmipollenites sp.,YES,0,0,0,63
Verrucingulatisporites sp.,NO,0,0,0,4
Verrutricolpites sp.,NO,0,0,0,7
pollen,NO,6657,84,1252,6006
spore,NO,343,68,21,281
