slide,annotation_file,image_file,records,yes,maybe,no,unmapped,untitled
C_418058_W_Nassichuk_L_2025_01_14_20_55_37,/rhf/allocations/dsci435/smithsonian_full_sp26/raw/C_418058_W_Nassichuk_L_2025_01_14_20_55_37.ndpi.ndpa,/rhf/allocations/dsci435/smithsonian_full_sp26/raw/C_418058_W_Nassichuk_L_2025_01_14_20_55_37.ndpi,324,59,22,0,241,2
D1552_3_L_2024_01_22_15_38_43,/rhf/allocations/dsci435/smithsonian_full_sp26/raw/D1552_3_L_2024_01_22_15_38_43.ndpi.ndpa,/rhf/allocations/dsci435/smithsonian_full_sp26/raw/D1552_3_L_2024_01_22_15_38_43.ndpi,28,3,0,24,0,1
D1555_RAS_60_2023_04_20_15_40_35,/rhf/allocations/dsci435/smithsonian_full_sp26/raw/D1555_RAS_60_2023_04_20_15_40_35.ndpi.ndpa,/rhf/allocations/dsci435/smithsonian_full_sp26/raw/D1555_RAS_60_2023_04_20_15_40_35.ndpi,166,0,0,0,0,166
D4126B_L_2024_02_06_09_40_23_Wyoming,/rhf/allocations/dsci435/smithsonian_full_sp26/raw/D4126B_L_2024_02_06_09_40_23_Wyoming.ndpi.ndpa,/rhf/allocations/dsci435/smithsonian_full_sp26/raw/D4126B_L_2024_02_06_09_40_23_Wyoming.ndpi,1,0,0,0,0,1
D4220-A_R_2024-02-06_15_18_34_Maryland,/rhf/allocations/dsci435/smithsonian_full_sp26/raw/D4220-A_R_2024-02-06_15_18_34_Maryland.ndpi.ndpa,/rhf/allocations/dsci435/smithsonian_full_sp26/raw/D4220-A_R_2024-02-06_15_18_34_Maryland.ndpi,1,0,0,0,0,1
D4354-3_L_2024_02_02_15_12_37_Arkansas,/rhf/allocations/dsci435/smithsonian_full_sp26/raw/D4354-3_L_2024_02_02_15_12_37_Arkansas.ndpi.ndpa,/rhf/allocations/dsci435/smithsonian_full_sp26/raw/D4354-3_L_2024_02_02_15_12_37_Arkansas.ndpi,1,0,0,0,0,1
D4702-2_L_2024_02_06_09_21_01_Wyoming,/rhf/allocations/dsci435/smithsonian_full_sp26/raw/D4702-2_L_2024_02_06_09_21_01_Wyoming.ndpi.ndpa,/rhf/allocations/dsci435/smithsonian_full_sp26/raw/D4702-2_L_2024_02_06_09_21_01_Wyoming.ndpi,6,1,0,3,1,1
D5151-B-1_R_2024_02_05_12_20_00_Tennessee,/rhf/allocations/dsci435/smithsonian_full_sp26/raw/D5151-B-1_R_2024_02_05_12_20_00_Tennessee.ndpi.ndpa,/rhf/allocations/dsci435/smithsonian_full_sp26/raw/D5151-B-1_R_2024_02_05_12_20_00_Tennessee.ndpi,1,0,0,0,0,1
D8401_A_R_2024_01_18_15_32_42_Alaska,/rhf/allocations/dsci435/smithsonian_full_sp26/raw/D8401_A_R_2024_01_18_15_32_42_Alaska.ndpi.ndpa,/rhf/allocations/dsci435/smithsonian_full_sp26/raw/D8401_A_R_2024_01_18_15_32_42_Alaska.ndpi,31,27,0,1,1,2
D9152-I_L_2024-02-01_13_11_57_Texas,/rhf/allocations/dsci435/smithsonian_full_sp26/raw/D9152-I_L_2024-02-01_13_11_57_Texas.ndpi.ndpa,/rhf/allocations/dsci435/smithsonian_full_sp26/raw/D9152-I_L_2024-02-01_13_11_57_Texas.ndpi,2,0,0,2,0,0
Giraffe_26_3_146_R_Giraffe_2025_01_14_09_46_09,/rhf/allocations/dsci435/smithsonian_full_sp26/raw/Giraffe_26_3_146_R_Giraffe_2025_01_14_09_46_09.ndpi.ndpa,/rhf/allocations/dsci435/smithsonian_full_sp26/raw/Giraffe_26_3_146_R_Giraffe_2025_01_14_09_46_09.ndpi,1,0,0,0,0,1
C_418058_W_Nassichuk_R_2025_01_21_14_59_16_Alaska,/rhf/allocations/dsci435/smithsonian_full_sp26/raw/Images_with_annotations_for_CNN_training/C_418058_W_Nassichuk_R_2025_01_21_14_59_16_Alaska.ndpi.ndpa,/rhf/allocations/dsci435/smithsonian_full_sp26/raw/Images_with_annotations_for_CNN_training/C_418058_W_Nassichuk_R_2025_01_21_14_59_16_Alaska.ndpi,145,1,0,142,1,1
C_418070_W_Nassichuk_R_2025_01_21_14_17_12_Alaska,/rhf/allocations/dsci435/smithsonian_full_sp26/raw/Images_with_annotations_for_CNN_training/C_418070_W_Nassichuk_R_2025_01_21_14_17_12_Alaska.ndpi.ndpa,/rhf/allocations/dsci435/smithsonian_full_sp26/raw/Images_with_annotations_for_CNN_training/C_418070_W_Nassichuk_R_2025_01_21_14_17_12_Alaska.ndpi,160,9,0,145,1,5
C_418080_W_Nassichuk_L_2025_01_14_19_14_58_Alaska,/rhf/allocations/dsci435/smithsonian_full_sp26/raw/Images_with_annotations_for_CNN_training/C_418080_W_Nassichuk_L_2025_01_14_19_14_58_Alaska.ndpi.ndpa,/rhf/allocations/dsci435/smithsonian_full_sp26/raw/Images_with_annotations_for_CNN_training/C_418080_W_Nassichuk_L_2025_01_14_19_14_58_Alaska.ndpi,166,12,0,153,0,1
C_418081_W_Nassichuk_R_2025_01_21_12_58_10_Alaska,/rhf/allocations/dsci435/smithsonian_full_sp26/raw/Images_with_annotations_for_CNN_training/C_418081_W_Nassichuk_R_2025_01_21_12_58_10_Alaska.ndpi.ndpa,/rhf/allocations/dsci435/smithsonian_full_sp26/raw/Images_with_annotations_for_CNN_training/C_418081_W_Nassichuk_R_2025_01_21_12_58_10_Alaska.ndpi,127,3,0,120,3,1
C_418107_W_Nassichuk_R_2025_01_21_11_16_25_Alaska,/rhf/allocations/dsci435/smithsonian_full_sp26/raw/Images_with_annotations_for_CNN_training/C_418107_W_Nassichuk_R_2025_01_21_11_16_25_Alaska.ndpi.ndpa,/rhf/allocations/dsci435/smithsonian_full_sp26/raw/Images_with_annotations_for_CNN_training/C_418107_W_Nassichuk_R_2025_01_21_11_16_25_Alaska.ndpi,108,1,0,102,4,1
C_418109_W_Nassichuk_R_2025_01_21_10_57_19_Alaska,/rhf/allocations/dsci435/smithsonian_full_sp26/raw/Images_with_annotations_for_CNN_training/C_418109_W_Nassichuk_R_2025_01_21_10_57_19_Alaska.ndpi.ndpa,/rhf/allocations/dsci435/smithsonian_full_sp26/raw/Images_with_annotations_for_CNN_training/C_418109_W_Nassichuk_R_2025_01_21_10_57_19_Alaska.ndpi,57,0,0,56,0,1
C_418114_W_Nassichuk_L_2025_01_14_16_15_48_Alaska,/rhf/allocations/dsci435/smithsonian_full_sp26/raw/Images_with_annotations_for_CNN_training/C_418114_W_Nassichuk_L_2025_01_14_16_15_48_Alaska.ndpi.ndpa,/rhf/allocations/dsci435/smithsonian_full_sp26/raw/Images_with_annotations_for_CNN_training/C_418114_W_Nassichuk_L_2025_01_14_16_15_48_Alaska.ndpi,261,11,0,238,11,1
D1821_1_L_2024_01_22_16_22_31_New_Mex,/rhf/allocations/dsci435/smithsonian_full_sp26/raw/Images_with_annotations_for_CNN_training/D1821_1_L_2024_01_22_16_22_31_New_Mex.ndpi.ndpa,/rhf/allocations/dsci435/smithsonian_full_sp26/raw/Images_with_annotations_for_CNN_training/D1821_1_L_2024_01_22_16_22_31_New_Mex.ndpi,94,8,0,84,0,2
D1821_1_R_2024_01_23_15_01_49_New_Mex,/rhf/allocations/dsci435/smithsonian_full_sp26/raw/Images_with_annotations_for_CNN_training/D1821_1_R_2024_01_23_15_01_49_New_Mex.ndpi.ndpa,/rhf/allocations/dsci435/smithsonian_full_sp26/raw/Images_with_annotations_for_CNN_training/D1821_1_R_2024_01_23_15_01_49_New_Mex.ndpi,72,0,0,70,0,2
D1910_2024_02_29_12_46_52_Wyoming,/rhf/allocations/dsci435/smithsonian_full_sp26/raw/Images_with_annotations_for_CNN_training/D1910_2024_02_29_12_46_52_Wyoming.ndpi.ndpa,/rhf/allocations/dsci435/smithsonian_full_sp26/raw/Images_with_annotations_for_CNN_training/D1910_2024_02_29_12_46_52_Wyoming.ndpi,53,2,0,49,0,2
D1911_1_2024_02_29_18_10_06_Wyoming,/rhf/allocations/dsci435/smithsonian_full_sp26/raw/Images_with_annotations_for_CNN_training/D1911_1_2024_02_29_18_10_06_Wyoming.ndpi.ndpa,/rhf/allocations/dsci435/smithsonian_full_sp26/raw/Images_with_annotations_for_CNN_training/D1911_1_2024_02_29_18_10_06_Wyoming.ndpi,86,0,0,84,1,1
D3094-1_R_2024_02_20_17_15_37_Colorado,/rhf/allocations/dsci435/smithsonian_full_sp26/raw/Images_with_annotations_for_CNN_training/D3094-1_R_2024_02_20_17_15_37_Colorado.ndpi.ndpa,/rhf/allocations/dsci435/smithsonian_full_sp26/raw/Images_with_annotations_for_CNN_training/D3094-1_R_2024_02_20_17_15_37_Colorado.ndpi,172,5,2,164,0,1
D3094_1_L_2024_02_20_11_32_26_Colorado,/rhf/allocations/dsci435/smithsonian_full_sp26/raw/Images_with_annotations_for_CNN_training/D3094_1_L_2024_02_20_11_32_26_Colorado.ndpi.ndpa,/rhf/allocations/dsci435/smithsonian_full_sp26/raw/Images_with_annotations_for_CNN_training/D3094_1_L_2024_02_20_11_32_26_Colorado.ndpi,148,11,3,130,3,1
D3202-D-1_R_2024_02_21_13_01_51_Louisiana,/rhf/allocations/dsci435/smithsonian_full_sp26/raw/Images_with_annotations_for_CNN_training/D3202-D-1_R_2024_02_21_13_01_51_Louisiana.ndpi.ndpa,/rhf/allocations/dsci435/smithsonian_full_sp26/raw/Images_with_annotations_for_CNN_training/D3202-D-1_R_2024_02_21_13_01_51_Louisiana.ndpi,85,1,0,83,0,1
D3202_C_L_2024_02_20_12_31_51_Louisiana,/rhf/allocations/dsci435/smithsonian_full_sp26/raw/Images_with_annotations_for_CNN_training/D3202_C_L_2024_02_20_12_31_51_Louisiana.ndpi.ndpa,/rhf/allocations/dsci435/smithsonian_full_sp26/raw/Images_with_annotations_for_CNN_training/D3202_C_L_2024_02_20_12_31_51_Louisiana.ndpi,197,3,0,193,0,1
D3202_C_R_2024_02_20_18_12_34_Kentucky,/rhf/allocations/dsci435/smithsonian_full_sp26/raw/Images_with_annotations_for_CNN_training/D3202_C_R_2024_02_20_18_12_34_Kentucky.ndpi.ndpa,/rhf/allocations/dsci435/smithsonian_full_sp26/raw/Images_with_annotations_for_CNN_training/D3202_C_R_2024_02_20_18_12_34_Kentucky.ndpi,217,10,0,206,0,1
D3266-1_L_2024_02_01_13_49_20_Mississippi,/rhf/allocations/dsci435/smithsonian_full_sp26/raw/Images_with_annotations_for_CNN_training/D3266-1_L_2024_02_01_13_49_20_Mississippi.ndpi.ndpa,/rhf/allocations/dsci435/smithsonian_full_sp26/raw/Images_with_annotations_for_CNN_training/D3266-1_L_2024_02_01_13_49_20_Mississippi.ndpi,63,3,0,59,0,1
D3268_A-2_L_2024_02_01_12_52_49_Alabama,/rhf/allocations/dsci435/smithsonian_full_sp26/raw/Images_with_annotations_for_CNN_training/D3268_A-2_L_2024_02_01_12_52_49_Alabama.ndpi.ndpa,/rhf/allocations/dsci435/smithsonian_full_sp26/raw/Images_with_annotations_for_CNN_training/D3268_A-2_L_2024_02_01_12_52_49_Alabama.ndpi,57,1,0,54,0,2
D3283-2_2024_02_06_15_37_28_Kentucky,/rhf/allocations/dsci435/smithsonian_full_sp26/raw/Images_with_annotations_for_CNN_training/D3283-2_2024_02_06_15_37_28_Kentucky.ndpi.ndpa,/rhf/allocations/dsci435/smithsonian_full_sp26/raw/Images_with_annotations_for_CNN_training/D3283-2_2024_02_06_15_37_28_Kentucky.ndpi,67,5,3,56,2,1
D3407-2_L_2024_02_20_13_28_48_Texas,/rhf/allocations/dsci435/smithsonian_full_sp26/raw/Images_with_annotations_for_CNN_training/D3407-2_L_2024_02_20_13_28_48_Texas.ndpi.ndpa,/rhf/allocations/dsci435/smithsonian_full_sp26/raw/Images_with_annotations_for_CNN_training/D3407-2_L_2024_02_20_13_28_48_Texas.ndpi,115,24,0,90,0,1
D3408-1_L_2024_02_20_13_47_16_Texas,/rhf/allocations/dsci435/smithsonian_full_sp26/raw/Images_with_annotations_for_CNN_training/D3408-1_L_2024_02_20_13_47_16_Texas.ndpi.ndpa,/rhf/allocations/dsci435/smithsonian_full_sp26/raw/Images_with_annotations_for_CNN_training/D3408-1_L_2024_02_20_13_47_16_Texas.ndpi,475,80,0,393,1,1
D3408_1_R_2024_02_20_19_10_35_Texas,/rhf/allocations/dsci435/smithsonian_full_sp26/raw/Images_with_annotations_for_CNN_training/D3408_1_R_2024_02_20_19_10_35_Texas.ndpi.ndpa,/rhf/allocations/dsci435/smithsonian_full_sp26/raw/Images_with_annotations_for_CNN_training/D3408_1_R_2024_02_20_19_10_35_Texas.ndpi,352,80,3,252,16,1
D3516-A_1_L_2024_02_20_12_51_02_Montana,/rhf/allocations/dsci435/smithsonian_full_sp26/raw/Images_with_annotations_for_CNN_training/D3516-A_1_L_2024_02_20_12_51_02_Montana.ndpi.ndpa,/rhf/allocations/dsci435/smithsonian_full_sp26/raw/Images_with_annotations_for_CNN_training/D3516-A_1_L_2024_02_20_12_51_02_Montana.ndpi,62,8,0,51,1,2
D3516-A_1_R_2024_02_20_18_31_40_Montana,/rhf/allocations/dsci435/smithsonian_full_sp26/raw/Images_with_annotations_for_CNN_training/D3516-A_1_R_2024_02_20_18_31_40_Montana.ndpi.ndpa,/rhf/allocations/dsci435/smithsonian_full_sp26/raw/Images_with_annotations_for_CNN_training/D3516-A_1_R_2024_02_20_18_31_40_Montana.ndpi,63,11,0,50,0,2
D3516-B_2_L_2024_02_20_14_24_29_Montana,/rhf/allocations/dsci435/smithsonian_full_sp26/raw/Images_with_annotations_for_CNN_training/D3516-B_2_L_2024_02_20_14_24_29_Montana.ndpi.ndpa,/rhf/allocations/dsci435/smithsonian_full_sp26/raw/Images_with_annotations_for_CNN_training/D3516-B_2_L_2024_02_20_14_24_29_Montana.ndpi,90,7,0,80,1,2
D3846_L_2024_02_20_11_51_22_N_Dakota,/rhf/allocations/dsci435/smithsonian_full_sp26/raw/Images_with_annotations_for_CNN_training/D3846_L_2024_02_20_11_51_22_N_Dakota.ndpi.ndpa,/rhf/allocations/dsci435/smithsonian_full_sp26/raw/Images_with_annotations_for_CNN_training/D3846_L_2024_02_20_11_51_22_N_Dakota.ndpi,40,5,0,30,0,5
D3869-1_L_2024_02_20_12_12_54_Wyoming,/rhf/allocations/dsci435/smithsonian_full_sp26/raw/Images_with_annotations_for_CNN_training/D3869-1_L_2024_02_20_12_12_54_Wyoming.ndpi.ndpa,/rhf/allocations/dsci435/smithsonian_full_sp26/raw/Images_with_annotations_for_CNN_training/D3869-1_L_2024_02_20_12_12_54_Wyoming.ndpi,70,22,0,45,0,3
D3869-1_R_2024_02_20_17_53_41_Wyoming,/rhf/allocations/dsci435/smithsonian_full_sp26/raw/Images_with_annotations_for_CNN_training/D3869-1_R_2024_02_20_17_53_41_Wyoming.ndpi.ndpa,/rhf/allocations/dsci435/smithsonian_full_sp26/raw/Images_with_annotations_for_CNN_training/D3869-1_R_2024_02_20_17_53_41_Wyoming.ndpi,85,33,0,50,0,2
D4191_I_L_2024_02_06_12_10_36_Kentucky,/rhf/allocations/dsci435/smithsonian_full_sp26/raw/Images_with_annotations_for_CNN_training/D4191_I_L_2024_02_06_12_10_36_Kentucky.ndpi.ndpa,/rhf/allocations/dsci435/smithsonian_full_sp26/raw/Images_with_annotations_for_CNN_training/D4191_I_L_2024_02_06_12_10_36_Kentucky.ndpi,52,1,0,48,0,3
D4200_2_2024_02_06_12_29_47_Wyoming,/rhf/allocations/dsci435/smithsonian_full_sp26/raw/Images_with_annotations_for_CNN_training/D4200_2_2024_02_06_12_29_47_Wyoming.ndpi.ndpa,/rhf/allocations/dsci435/smithsonian_full_sp26/raw/Images_with_annotations_for_CNN_training/D4200_2_2024_02_06_12_29_47_Wyoming.ndpi,58,1,0,55,0,2
D4220-A_L_2024-02-06_11_51_42_Maryland,/rhf/allocations/dsci435/smithsonian_full_sp26/raw/Images_with_annotations_for_CNN_training/D4220-A_L_2024-02-06_11_51_42_Maryland.ndpi.ndpa,/rhf/allocations/dsci435/smithsonian_full_sp26/raw/Images_with_annotations_for_CNN_training/D4220-A_L_2024-02-06_11_51_42_Maryland.ndpi,68,2,3,61,1,1
D4220_A_L_2024_02_06_11_51_42_Maryland,/rhf/allocations/dsci435/smithsonian_full_sp26/raw/Images_with_annotations_for_CNN_training/D4220_A_L_2024_02_06_11_51_42_Maryland.ndpi.ndpa,/rhf/allocations/dsci435/smithsonian_full_sp26/raw/Images_with_annotations_for_CNN_training/D4220_A_L_2024_02_06_11_51_42_Maryland.ndpi,62,3,6,50,2,1
D4354_3_R_2024_02_05_12_39_12_Arkansas,/rhf/allocations/dsci435/smithsonian_full_sp26/raw/Images_with_annotations_for_CNN_training/D4354_3_R_2024_02_05_12_39_12_Arkansas.ndpi.ndpa,/rhf/allocations/dsci435/smithsonian_full_sp26/raw/Images_with_annotations_for_CNN_training/D4354_3_R_2024_02_05_12_39_12_Arkansas.ndpi,52,6,7,37,1,1
D4919-A_1_L_2024_02_01_14_07_43_Georgia,/rhf/allocations/dsci435/smithsonian_full_sp26/raw/Images_with_annotations_for_CNN_training/D4919-A_1_L_2024_02_01_14_07_43_Georgia.ndpi.ndpa,/rhf/allocations/dsci435/smithsonian_full_sp26/raw/Images_with_annotations_for_CNN_training/D4919-A_1_L_2024_02_01_14_07_43_Georgia.ndpi,62,7,1,51,0,3
D5151-B-1_L_2024_02_02_15_31_05_Tennessee,/rhf/allocations/dsci435/smithsonian_full_sp26/raw/Images_with_annotations_for_CNN_training/D5151-B-1_L_2024_02_02_15_31_05_Tennessee.ndpi.ndpa,/rhf/allocations/dsci435/smithsonian_full_sp26/raw/Images_with_annotations_for_CNN_training/D5151-B-1_L_2024_02_02_15_31_05_Tennessee.ndpi,338,17,1,319,0,1
D5406_1_L_2024_02_09_10_25_26_Colorado,/rhf/allocations/dsci435/smithsonian_full_sp26/raw/Images_with_annotations_for_CNN_training/D5406_1_L_2024_02_09_10_25_26_Colorado.ndpi.ndpa,/rhf/allocations/dsci435/smithsonian_full_sp26/raw/Images_with_annotations_for_CNN_training/D5406_1_L_2024_02_09_10_25_26_Colorado.ndpi,124,0,0,122,0,2
D5410_1_L_2024_02_09_10_06_56_Utah,/rhf/allocations/dsci435/smithsonian_full_sp26/raw/Images_with_annotations_for_CNN_training/D5410_1_L_2024_02_09_10_06_56_Utah.ndpi.ndpa,/rhf/allocations/dsci435/smithsonian_full_sp26/raw/Images_with_annotations_for_CNN_training/D5410_1_L_2024_02_09_10_06_56_Utah.ndpi,80,0,0,78,0,2
D5410_1_R_2024_02_0911_03_13_Utah,/rhf/allocations/dsci435/smithsonian_full_sp26/raw/Images_with_annotations_for_CNN_training/D5410_1_R_2024_02_0911_03_13_Utah.ndpi.ndpa,/rhf/allocations/dsci435/smithsonian_full_sp26/raw/Images_with_annotations_for_CNN_training/D5410_1_R_2024_02_0911_03_13_Utah.ndpi,54,0,0,52,0,2
D5542_1_L_2024_02_06_10_55_26_Colorado,/rhf/allocations/dsci435/smithsonian_full_sp26/raw/Images_with_annotations_for_CNN_training/D5542_1_L_2024_02_06_10_55_26_Colorado.ndpi.ndpa,/rhf/allocations/dsci435/smithsonian_full_sp26/raw/Images_with_annotations_for_CNN_training/D5542_1_L_2024_02_06_10_55_26_Colorado.ndpi,76,3,0,64,8,1
D5542_1_R_2024_02_06_14_21_49_Colorado,/rhf/allocations/dsci435/smithsonian_full_sp26/raw/Images_with_annotations_for_CNN_training/D5542_1_R_2024_02_06_14_21_49_Colorado.ndpi.ndpa,/rhf/allocations/dsci435/smithsonian_full_sp26/raw/Images_with_annotations_for_CNN_training/D5542_1_R_2024_02_06_14_21_49_Colorado.ndpi,131,10,1,119,0,1
D5609_L_2024_03_01_11_15_57_Alaska,/rhf/allocations/dsci435/smithsonian_full_sp26/raw/Images_with_annotations_for_CNN_training/D5609_L_2024_03_01_11_15_57_Alaska.ndpi.ndpa,/rhf/allocations/dsci435/smithsonian_full_sp26/raw/Images_with_annotations_for_CNN_training/D5609_L_2024_03_01_11_15_57_Alaska.ndpi,90,15,0,72,2,1
D5609_R_2024_03_01_15_10_09_Alaska,/rhf/allocations/dsci435/smithsonian_full_sp26/raw/Images_with_annotations_for_CNN_training/D5609_R_2024_03_01_15_10_09_Alaska.ndpi.ndpa,/rhf/allocations/dsci435/smithsonian_full_sp26/raw/Images_with_annotations_for_CNN_training/D5609_R_2024_03_01_15_10_09_Alaska.ndpi,144,12,0,128,2,2
D5825_L_2024_02_06_10_36_15_Utah,/rhf/allocations/dsci435/smithsonian_full_sp26/raw/Images_with_annotations_for_CNN_training/D5825_L_2024_02_06_10_36_15_Utah.ndpi.ndpa,/rhf/allocations/dsci435/smithsonian_full_sp26/raw/Images_with_annotations_for_CNN_training/D5825_L_2024_02_06_10_36_15_Utah.ndpi,62,43,0,17,0,2
D5825_R_2024_02_06_14_02_54_Utah,/rhf/allocations/dsci435/smithsonian_full_sp26/raw/Images_with_annotations_for_CNN_training/D5825_R_2024_02_06_14_02_54_Utah.ndpi.ndpa,/rhf/allocations/dsci435/smithsonian_full_sp26/raw/Images_with_annotations_for_CNN_training/D5825_R_2024_02_06_14_02_54_Utah.ndpi,73,44,0,26,0,3
D5964-1_L_2024_02_06_10_17_07_Wyoming,/rhf/allocations/dsci435/smithsonian_full_sp26/raw/Images_with_annotations_for_CNN_training/D5964-1_L_2024_02_06_10_17_07_Wyoming.ndpi.ndpa,/rhf/allocations/dsci435/smithsonian_full_sp26/raw/Images_with_annotations_for_CNN_training/D5964-1_L_2024_02_06_10_17_07_Wyoming.ndpi,59,2,0,55,0,2
D6627-A-2_L_2024_02_02_12_53_43_Arkansas,/rhf/allocations/dsci435/smithsonian_full_sp26/raw/Images_with_annotations_for_CNN_training/D6627-A-2_L_2024_02_02_12_53_43_Arkansas.ndpi.ndpa,/rhf/allocations/dsci435/smithsonian_full_sp26/raw/Images_with_annotations_for_CNN_training/D6627-A-2_L_2024_02_02_12_53_43_Arkansas.ndpi,80,1,0,78,0,1
D6627-A-2_R_2024_02_02_17_42_28_Arkansas,/rhf/allocations/dsci435/smithsonian_full_sp26/raw/Images_with_annotations_for_CNN_training/D6627-A-2_R_2024_02_02_17_42_28_Arkansas.ndpi.ndpa,/rhf/allocations/dsci435/smithsonian_full_sp26/raw/Images_with_annotations_for_CNN_training/D6627-A-2_R_2024_02_02_17_42_28_Arkansas.ndpi,138,3,0,134,0,1
D8401-A_L_2024_01_18_13_05_54_Alaska,/rhf/allocations/dsci435/smithsonian_full_sp26/raw/Images_with_annotations_for_CNN_training/D8401-A_L_2024_01_18_13_05_54_Alaska.ndpi.ndpa,/rhf/allocations/dsci435/smithsonian_full_sp26/raw/Images_with_annotations_for_CNN_training/D8401-A_L_2024_01_18_13_05_54_Alaska.ndpi,301,44,2,217,37,1
D9151-A-2_L_2024_02_02_16_08_52_Texas,/rhf/allocations/dsci435/smithsonian_full_sp26/raw/Images_with_annotations_for_CNN_training/D9151-A-2_L_2024_02_02_16_08_52_Texas.ndpi.ndpa,/rhf/allocations/dsci435/smithsonian_full_sp26/raw/Images_with_annotations_for_CNN_training/D9151-A-2_L_2024_02_02_16_08_52_Texas.ndpi,1304,18,0,1285,0,1
Giraffe_20_1_95_R_Giraffe_2025_01_13_19_48_21,/rhf/allocations/dsci435/smithsonian_full_sp26/raw/Images_with_annotations_for_CNN_training/Giraffe_20_1_95_R_Giraffe_2025_01_13_19_48_21.ndpi.ndpa,/rhf/allocations/dsci435/smithsonian_full_sp26/raw/Images_with_annotations_for_CNN_training/Giraffe_20_1_95_R_Giraffe_2025_01_13_19_48_21.ndpi,54,0,0,51,0,3
Giraffe_20_3_47_BLEACHED_R_Giraffe_2025_01_14_09_06_36,/rhf/allocations/dsci435/smithsonian_full_sp26/raw/Images_with_annotations_for_CNN_training/Giraffe_20_3_47_BLEACHED_R_Giraffe_2025_01_14_09_06_36.ndpi.ndpa,/rhf/allocations/dsci435/smithsonian_full_sp26/raw/Images_with_annotations_for_CNN_training/Giraffe_20_3_47_BLEACHED_R_Giraffe_2025_01_14_09_06_36.ndpi,55,0,0,52,0,3
Giraffe_24_2_43_R_Giraffe_2025_01_14_10_06_00,/rhf/allocations/dsci435/smithsonian_full_sp26/raw/Images_with_annotations_for_CNN_training/Giraffe_24_2_43_R_Giraffe_2025_01_14_10_06_00.ndpi.ndpa,/rhf/allocations/dsci435/smithsonian_full_sp26/raw/Images_with_annotations_for_CNN_training/Giraffe_24_2_43_R_Giraffe_2025_01_14_10_06_00.ndpi,53,0,0,49,1,3
Giraffe_26_3_146_L_Giraffe_2025_01_13_16_06_02,/rhf/allocations/dsci435/smithsonian_full_sp26/raw/Images_with_annotations_for_CNN_training/Giraffe_26_3_146_L_Giraffe_2025_01_13_16_06_02.ndpi.ndpa,/rhf/allocations/dsci435/smithsonian_full_sp26/raw/Images_with_annotations_for_CNN_training/Giraffe_26_3_146_L_Giraffe_2025_01_13_16_06_02.ndpi,58,0,0,56,0,2
USNMPAL_792666_D1074_2024_01_26_10_32_56_N_Dakota,/rhf/allocations/dsci435/smithsonian_full_sp26/raw/Images_with_annotations_for_CNN_training/USNMPAL_792666_D1074_2024_01_26_10_32_56_N_Dakota.ndpi.ndpa,/rhf/allocations/dsci435/smithsonian_full_sp26/raw/Images_with_annotations_for_CNN_training/USNMPAL_792666_D1074_2024_01_26_10_32_56_N_Dakota.ndpi,54,6,0,43,2,3
USNMPAL_792668_D1091_2024_01_25_16_57_52_Tennessee,/rhf/allocations/dsci435/smithsonian_full_sp26/raw/Images_with_annotations_for_CNN_training/USNMPAL_792668_D1091_2024_01_25_16_57_52_Tennessee.ndpi.ndpa,/rhf/allocations/dsci435/smithsonian_full_sp26/raw/Images_with_annotations_for_CNN_training/USNMPAL_792668_D1091_2024_01_25_16_57_52_Tennessee.ndpi,93,4,0,86,0,3
USNMPAL_792673_D1166_A_L_2023_11_09_12_47_47_Wyoming,/rhf/allocations/dsci435/smithsonian_full_sp26/raw/Images_with_annotations_for_CNN_training/USNMPAL_792673_D1166_A_L_2023_11_09_12_47_47_Wyoming.ndpi.ndpa,/rhf/allocations/dsci435/smithsonian_full_sp26/raw/Images_with_annotations_for_CNN_training/USNMPAL_792673_D1166_A_L_2023_11_09_12_47_47_Wyoming.ndpi,223,9,0,210,3,1
USNMPAL_792673_D1166_A_R_2023_11_09_15_17_21_Wyoming,/rhf/allocations/dsci435/smithsonian_full_sp26/raw/Images_with_annotations_for_CNN_training/USNMPAL_792673_D1166_A_R_2023_11_09_15_17_21_Wyoming.ndpi.ndpa,/rhf/allocations/dsci435/smithsonian_full_sp26/raw/Images_with_annotations_for_CNN_training/USNMPAL_792673_D1166_A_R_2023_11_09_15_17_21_Wyoming.ndpi,118,5,0,112,0,1
USNMPAL_792715_D1298_L_2024_01_25_14_55_02_Wyoming,/rhf/allocations/dsci435/smithsonian_full_sp26/raw/Images_with_annotations_for_CNN_training/USNMPAL_792715_D1298_L_2024_01_25_14_55_02_Wyoming.ndpi.ndpa,/rhf/allocations/dsci435/smithsonian_full_sp26/raw/Images_with_annotations_for_CNN_training/USNMPAL_792715_D1298_L_2024_01_25_14_55_02_Wyoming.ndpi,84,5,0,77,0,2
USNMPAL_792717_D1350_L_2024_02_20_15_21_31_Oregon,/rhf/allocations/dsci435/smithsonian_full_sp26/raw/Images_with_annotations_for_CNN_training/USNMPAL_792717_D1350_L_2024_02_20_15_21_31_Oregon.ndpi.ndpa,/rhf/allocations/dsci435/smithsonian_full_sp26/raw/Images_with_annotations_for_CNN_training/USNMPAL_792717_D1350_L_2024_02_20_15_21_31_Oregon.ndpi,132,4,0,126,1,1
USNMPAL_792719_D1357_2023_11_09_10_41_27_Colorado,/rhf/allocations/dsci435/smithsonian_full_sp26/raw/Images_with_annotations_for_CNN_training/USNMPAL_792719_D1357_2023_11_09_10_41_27_Colorado.ndpi.ndpa,/rhf/allocations/dsci435/smithsonian_full_sp26/raw/Images_with_annotations_for_CNN_training/USNMPAL_792719_D1357_2023_11_09_10_41_27_Colorado.ndpi,196,6,0,189,0,1
USNMPAL_792723_D1366-D_2024_09_19_09_27_16_Maryland,/rhf/allocations/dsci435/smithsonian_full_sp26/raw/Images_with_annotations_for_CNN_training/USNMPAL_792723_D1366-D_2024_09_19_09_27_16_Maryland.ndpi.ndpa,/rhf/allocations/dsci435/smithsonian_full_sp26/raw/Images_with_annotations_for_CNN_training/USNMPAL_792723_D1366-D_2024_09_19_09_27_16_Maryland.ndpi,151,9,0,141,0,1
USNMPAL_792724_D1367_A_2024_01_25_15_32_32_Maryland,/rhf/allocations/dsci435/smithsonian_full_sp26/raw/Images_with_annotations_for_CNN_training/USNMPAL_792724_D1367_A_2024_01_25_15_32_32_Maryland.ndpi.ndpa,/rhf/allocations/dsci435/smithsonian_full_sp26/raw/Images_with_annotations_for_CNN_training/USNMPAL_792724_D1367_A_2024_01_25_15_32_32_Maryland.ndpi,68,1,0,65,0,2
USNMPAL_792725_D1367-B_2024_09_19_09_45_18_S_Dakota,/rhf/allocations/dsci435/smithsonian_full_sp26/raw/Images_with_annotations_for_CNN_training/USNMPAL_792725_D1367-B_2024_09_19_09_45_18_S_Dakota.ndpi.ndpa,/rhf/allocations/dsci435/smithsonian_full_sp26/raw/Images_with_annotations_for_CNN_training/USNMPAL_792725_D1367-B_2024_09_19_09_45_18_S_Dakota.ndpi,63,3,1,58,0,1
USNMPAL_792727_D1376_2024_01_22_16_00_33_Wyoming,/rhf/allocations/dsci435/smithsonian_full_sp26/raw/Images_with_annotations_for_CNN_training/USNMPAL_792727_D1376_2024_01_22_16_00_33_Wyoming.ndpi.ndpa,/rhf/allocations/dsci435/smithsonian_full_sp26/raw/Images_with_annotations_for_CNN_training/USNMPAL_792727_D1376_2024_01_22_16_00_33_Wyoming.ndpi,53,10,0,38,2,3
USNMPAL_792733_D1388_L_2024_01_22_11_09_00_S_Dakota,/rhf/allocations/dsci435/smithsonian_full_sp26/raw/Images_with_annotations_for_CNN_training/USNMPAL_792733_D1388_L_2024_01_22_11_09_00_S_Dakota.ndpi.ndpa,/rhf/allocations/dsci435/smithsonian_full_sp26/raw/Images_with_annotations_for_CNN_training/USNMPAL_792733_D1388_L_2024_01_22_11_09_00_S_Dakota.ndpi,83,2,0,80,0,1
USNMPAL_792738_D1392_A_R_2024_01_25_13_58_00_Wyoming,/rhf/allocations/dsci435/smithsonian_full_sp26/raw/Images_with_annotations_for_CNN_training/USNMPAL_792738_D1392_A_R_2024_01_25_13_58_00_Wyoming.ndpi.ndpa,/rhf/allocations/dsci435/smithsonian_full_sp26/raw/Images_with_annotations_for_CNN_training/USNMPAL_792738_D1392_A_R_2024_01_25_13_58_00_Wyoming.ndpi,68,0,0,67,0,1
USNMPAL_792815_D1524_L_2024_01_26_10_53_45_Oregon,/rhf/allocations/dsci435/smithsonian_full_sp26/raw/Images_with_annotations_for_CNN_training/USNMPAL_792815_D1524_L_2024_01_26_10_53_45_Oregon.ndpi.ndpa,/rhf/allocations/dsci435/smithsonian_full_sp26/raw/Images_with_annotations_for_CNN_training/USNMPAL_792815_D1524_L_2024_01_26_10_53_45_Oregon.ndpi,54,2,0,49,0,3
USNMPAL_792851_D1644_2024_01_26_11_12_23_California,/rhf/allocations/dsci435/smithsonian_full_sp26/raw/Images_with_annotations_for_CNN_training/USNMPAL_792851_D1644_2024_01_26_11_12_23_California.ndpi.ndpa,/rhf/allocations/dsci435/smithsonian_full_sp26/raw/Images_with_annotations_for_CNN_training/USNMPAL_792851_D1644_2024_01_26_11_12_23_California.ndpi,65,7,0,56,0,2
USNMPAL_792852_D1667-A_L_2024_02_20_14_05_57_Kentucky,/rhf/allocations/dsci435/smithsonian_full_sp26/raw/Images_with_annotations_for_CNN_training/USNMPAL_792852_D1667-A_L_2024_02_20_14_05_57_Kentucky.ndpi.ndpa,/rhf/allocations/dsci435/smithsonian_full_sp26/raw/Images_with_annotations_for_CNN_training/USNMPAL_792852_D1667-A_L_2024_02_20_14_05_57_Kentucky.ndpi,104,6,0,96,1,1
USNMPAL_792852_D1667-A_R_2024_02_2019_29_55_Kentucky,/rhf/allocations/dsci435/smithsonian_full_sp26/raw/Images_with_annotations_for_CNN_training/USNMPAL_792852_D1667-A_R_2024_02_2019_29_55_Kentucky.ndpi.ndpa,/rhf/allocations/dsci435/smithsonian_full_sp26/raw/Images_with_annotations_for_CNN_training/USNMPAL_792852_D1667-A_R_2024_02_2019_29_55_Kentucky.ndpi,170,2,0,167,0,1
USNMPAL_792854_D1668_L_2024_01_25_16_38_58_Kentucky,/rhf/allocations/dsci435/smithsonian_full_sp26/raw/Images_with_annotations_for_CNN_training/USNMPAL_792854_D1668_L_2024_01_25_16_38_58_Kentucky.ndpi.ndpa,/rhf/allocations/dsci435/smithsonian_full_sp26/raw/Images_with_annotations_for_CNN_training/USNMPAL_792854_D1668_L_2024_01_25_16_38_58_Kentucky.ndpi,65,21,0,39,4,1
USNMPAL_792924_D1820_2024-01-23_13_40_57_N_Mexico,/rhf/allocations/dsci435/smithsonian_full_sp26/raw/Images_with_annotations_for_CNN_training/USNMPAL_792924_D1820_2024-01-23_13_40_57_N_Mexico.ndpi.ndpa,/rhf/allocations/dsci435/smithsonian_full_sp26/raw/Images_with_annotations_for_CNN_training/USNMPAL_792924_D1820_2024-01-23_13_40_57_N_Mexico.ndpi,50,5,0,44,0,1
USNMPAL_792930_D1825_L_2023_11_07_13_36_14_image1_Kentucky,/rhf/allocations/dsci435/smithsonian_full_sp26/raw/Images_with_annotations_for_CNN_training/USNMPAL_792930_D1825_L_2023_11_07_13_36_14_image1_Kentucky.ndpi.ndpa,/rhf/allocations/dsci435/smithsonian_full_sp26/raw/Images_with_annotations_for_CNN_training/USNMPAL_792930_D1825_L_2023_11_07_13_36_14_image1_Kentucky.ndpi,99,2,0,96,0,1
USNMPAL_792954_D1890-4_L_2024_09_19_11_55_30_Kentucky,/rhf/allocations/dsci435/smithsonian_full_sp26/raw/Images_with_annotations_for_CNN_training/USNMPAL_792954_D1890-4_L_2024_09_19_11_55_30_Kentucky.ndpi.ndpa,/rhf/allocations/dsci435/smithsonian_full_sp26/raw/Images_with_annotations_for_CNN_training/USNMPAL_792954_D1890-4_L_2024_09_19_11_55_30_Kentucky.ndpi,84,0,0,82,0,2
USNMPAL_793077_D3163-A_2024_07_29_10_45_13_Arkansas,/rhf/allocations/dsci435/smithsonian_full_sp26/raw/Images_with_annotations_for_CNN_training/USNMPAL_793077_D3163-A_2024_07_29_10_45_13_Arkansas.ndpi.ndpa,/rhf/allocations/dsci435/smithsonian_full_sp26/raw/Images_with_annotations_for_CNN_training/USNMPAL_793077_D3163-A_2024_07_29_10_45_13_Arkansas.ndpi,390,4,0,385,0,1
USNMPAL_793367_D3702_L_2024_02_02_15_49_54_Tennessee,/rhf/allocations/dsci435/smithsonian_full_sp26/raw/Images_with_annotations_for_CNN_training/USNMPAL_793367_D3702_L_2024_02_02_15_49_54_Tennessee.ndpi.ndpa,/rhf/allocations/dsci435/smithsonian_full_sp26/raw/Images_with_annotations_for_CNN_training/USNMPAL_793367_D3702_L_2024_02_02_15_49_54_Tennessee.ndpi,92,6,0,83,1,2
USNMPAL_793367_D3702_R_2024_02_05_12_01_01_Tennessee,/rhf/allocations/dsci435/smithsonian_full_sp26/raw/Images_with_annotations_for_CNN_training/USNMPAL_793367_D3702_R_2024_02_05_12_01_01_Tennessee.ndpi.ndpa,/rhf/allocations/dsci435/smithsonian_full_sp26/raw/Images_with_annotations_for_CNN_training/USNMPAL_793367_D3702_R_2024_02_05_12_01_01_Tennessee.ndpi,110,4,1,100,4,1
USNMPAL_793471_D3915_L_2024-01-22_10_22_34_Alaska,/rhf/allocations/dsci435/smithsonian_full_sp26/raw/Images_with_annotations_for_CNN_training/USNMPAL_793471_D3915_L_2024-01-22_10_22_34_Alaska.ndpi.ndpa,/rhf/allocations/dsci435/smithsonian_full_sp26/raw/Images_with_annotations_for_CNN_training/USNMPAL_793471_D3915_L_2024-01-22_10_22_34_Alaska.ndpi,114,3,0,110,0,1
USNMPAL_793471_D3915_L_2024_01_22_10_22_34_Alaska,/rhf/allocations/dsci435/smithsonian_full_sp26/raw/Images_with_annotations_for_CNN_training/USNMPAL_793471_D3915_L_2024_01_22_10_22_34_Alaska.ndpi.ndpa,/rhf/allocations/dsci435/smithsonian_full_sp26/raw/Images_with_annotations_for_CNN_training/USNMPAL_793471_D3915_L_2024_01_22_10_22_34_Alaska.ndpi,114,3,0,110,0,1
USNMPAL_793472_D3916_R_2023_11_20_17_04_43_Alaska,/rhf/allocations/dsci435/smithsonian_full_sp26/raw/Images_with_annotations_for_CNN_training/USNMPAL_793472_D3916_R_2023_11_20_17_04_43_Alaska.ndpi.ndpa,/rhf/allocations/dsci435/smithsonian_full_sp26/raw/Images_with_annotations_for_CNN_training/USNMPAL_793472_D3916_R_2023_11_20_17_04_43_Alaska.ndpi,83,5,0,77,0,1
USNMPAL_793576_D4117_L_2024_02_02_12_34_41_Arkansas,/rhf/allocations/dsci435/smithsonian_full_sp26/raw/Images_with_annotations_for_CNN_training/USNMPAL_793576_D4117_L_2024_02_02_12_34_41_Arkansas.ndpi.ndpa,/rhf/allocations/dsci435/smithsonian_full_sp26/raw/Images_with_annotations_for_CNN_training/USNMPAL_793576_D4117_L_2024_02_02_12_34_41_Arkansas.ndpi,88,1,0,84,0,3
USNM_792877_D1727_L_2024_03_14_10_25_59_Washington,/rhf/allocations/dsci435/smithsonian_full_sp26/raw/Images_with_annotations_for_CNN_training/USNM_792877_D1727_L_2024_03_14_10_25_59_Washington.ndpi.ndpa,/rhf/allocations/dsci435/smithsonian_full_sp26/raw/Images_with_annotations_for_CNN_training/USNM_792877_D1727_L_2024_03_14_10_25_59_Washington.ndpi,167,0,0,163,3,1
Oak_Grove_core_324_Frederiksen_L__2025_04_11_12_17_01,/rhf/allocations/dsci435/smithsonian_full_sp26/raw/Oak_Grove_core_324_Frederiksen_L__2025_04_11_12_17_01.ndpi.ndpa,/rhf/allocations/dsci435/smithsonian_full_sp26/raw/Oak_Grove_core_324_Frederiksen_L__2025_04_11_12_17_01.ndpi,2,1,0,0,0,1
Oak_Grove_core_341.0_Frederiksen_L_2025_04_11_10_30_12,/rhf/allocations/dsci435/smithsonian_full_sp26/raw/Oak_Grove_core_341.0_Frederiksen_L_2025_04_11_10_30_12.ndpi.ndpa,/rhf/allocations/dsci435/smithsonian_full_sp26/raw/Oak_Grove_core_341.0_Frederiksen_L_2025_04_11_10_30_12.ndpi,1,0,0,0,0,1
R3587AB_1_WKADLEROSHILIK_W_1890-1950-NF_TPS_R_2025_05_05_09_34_55,/rhf/allocations/dsci435/smithsonian_full_sp26/raw/R3587AB_1_WKADLEROSHILIK_W_1890-1950-NF_TPS_R_2025_05_05_09_34_55.ndpi.ndpa,/rhf/allocations/dsci435/smithsonian_full_sp26/raw/R3587AB_1_WKADLEROSHILIK_W_1890-1950-NF_TPS_R_2025_05_05_09_34_55.ndpi,5,0,0,0,5,0
USNMPAL_792719_D1357_R_2023-11-09_13_10_42_Colorado,/rhf/allocations/dsci435/smithsonian_full_sp26/raw/USNMPAL_792719_D1357_R_2023-11-09_13_10_42_Colorado.ndpa,/rhf/allocations/dsci435/smithsonian_full_sp26/raw/USNMPAL_792719_D1357_R_2023-11-09_13_10_42_Colorado.ndpi,1,0,0,0,0,1
USNMPAL_792720_D1358_R_2023-11-09_14_06_04_Colorado,/rhf/allocations/dsci435/smithsonian_full_sp26/raw/USNMPAL_792720_D1358_R_2023-11-09_14_06_04_Colorado.ndpi.ndpa,/rhf/allocations/dsci435/smithsonian_full_sp26/raw/USNMPAL_792720_D1358_R_2023-11-09_14_06_04_Colorado.ndpi,1,0,0,0,0,1
USNMPAL_792741_D1408-1_L_2024-02-29_16_15_07_Colorado,/rhf/allocations/dsci435/smithsonian_full_sp26/raw/USNMPAL_792741_D1408-1_L_2024-02-29_16_15_07_Colorado.ndpi.ndpa,/rhf/allocations/dsci435/smithsonian_full_sp26/raw/USNMPAL_792741_D1408-1_L_2024-02-29_16_15_07_Colorado.ndpi,1,0,0,0,0,1
USNMPAL_792745_D1409-6_L_2024-02-29_16_34_04_Colorado,/rhf/allocations/dsci435/smithsonian_full_sp26/raw/USNMPAL_792745_D1409-6_L_2024-02-29_16_34_04_Colorado.ndpi.ndpa,/rhf/allocations/dsci435/smithsonian_full_sp26/raw/USNMPAL_792745_D1409-6_L_2024-02-29_16_34_04_Colorado.ndpi,1,0,0,0,0,1
USNMPAL_792751_D1410_L_2024-03-01_13_39_37_Colorado,/rhf/allocations/dsci435/smithsonian_full_sp26/raw/USNMPAL_792751_D1410_L_2024-03-01_13_39_37_Colorado.ndpi.ndpa,/rhf/allocations/dsci435/smithsonian_full_sp26/raw/USNMPAL_792751_D1410_L_2024-03-01_13_39_37_Colorado.ndpi,1,0,0,0,0,1
USNMPAL_792854_D1668_R_2024-01-26_09_31_50_Kentucky,/rhf/allocations/dsci435/smithsonian_full_sp26/raw/USNMPAL_792854_D1668_R_2024-01-26_09_31_50_Kentucky.ndpi.ndpa,/rhf/allocations/dsci435/smithsonian_full_sp26/raw/USNMPAL_792854_D1668_R_2024-01-26_09_31_50_Kentucky.ndpi,1,0,0,0,0,1
USNMPAL_792855_D1669_L_2024-01-25_16_19_58_Kentucky,/rhf/allocations/dsci435/smithsonian_full_sp26/raw/USNMPAL_792855_D1669_L_2024-01-25_16_19_58_Kentucky.ndpi.ndpa,/rhf/allocations/dsci435/smithsonian_full_sp26/raw/USNMPAL_792855_D1669_L_2024-01-25_16_19_58_Kentucky.ndpi,1,0,0,0,0,1
USNMPAL_792860_D1683-1_R_2024-01-23_13_03_17_Wyoming,/rhf/allocations/dsci435/smithsonian_full_sp26/raw/USNMPAL_792860_D1683-1_R_2024-01-23_13_03_17_Wyoming.ndpi.ndpa,/rhf/allocations/dsci435/smithsonian_full_sp26/raw/USNMPAL_792860_D1683-1_R_2024-01-23_13_03_17_Wyoming.ndpi,1,0,0,0,0,1
USNMPAL_792868_D1704_L_2024-01-22_11_53_57_Wyoming,/rhf/allocations/dsci435/smithsonian_full_sp26/raw/USNMPAL_792868_D1704_L_2024-01-22_11_53_57_Wyoming.ndpi.ndpa,/rhf/allocations/dsci435/smithsonian_full_sp26/raw/USNMPAL_792868_D1704_L_2024-01-22_11_53_57_Wyoming.ndpi,1,0,0,0,0,1
USNMPAL_792871_D1721_2024-01-25_10_43_21_Washington,/rhf/allocations/dsci435/smithsonian_full_sp26/raw/USNMPAL_792871_D1721_2024-01-25_10_43_21_Washington.ndpi.ndpa,/rhf/allocations/dsci435/smithsonian_full_sp26/raw/USNMPAL_792871_D1721_2024-01-25_10_43_21_Washington.ndpi,1,0,0,0,0,1
USNMPAL_792873_D1723_L_2024_01_08_13_28_48_Washington,/rhf/allocations/dsci435/smithsonian_full_sp26/raw/USNMPAL_792873_D1723_L_2024_01_08_13_28_48_Washington.ndpi.ndpa,/rhf/allocations/dsci435/smithsonian_full_sp26/raw/USNMPAL_792873_D1723_L_2024_01_08_13_28_48_Washington.ndpi,1,0,0,0,0,1
USNMPAL_792874_D1724_L_2023-11-20_18_10_52_Washington,/rhf/allocations/dsci435/smithsonian_full_sp26/raw/USNMPAL_792874_D1724_L_2023-11-20_18_10_52_Washington.ndpi.ndpa,/rhf/allocations/dsci435/smithsonian_full_sp26/raw/USNMPAL_792874_D1724_L_2023-11-20_18_10_52_Washington.ndpi,1,0,0,0,0,1
USNMPAL_792878_D1728_L_2024-01-22_14_53_43_Washington,/rhf/allocations/dsci435/smithsonian_full_sp26/raw/USNMPAL_792878_D1728_L_2024-01-22_14_53_43_Washington.ndpi.ndpa,/rhf/allocations/dsci435/smithsonian_full_sp26/raw/USNMPAL_792878_D1728_L_2024-01-22_14_53_43_Washington.ndpi,1,0,0,0,0,1
USNMPAL_792904_D1787_R_2024-01-25 17.16.20_Montana,/rhf/allocations/dsci435/smithsonian_full_sp26/raw/USNMPAL_792904_D1787_R_2024-01-25 17.16.20_Montana.ndpi.ndpa,/rhf/allocations/dsci435/smithsonian_full_sp26/raw/USNMPAL_792904_D1787_R_2024-01-25 17.16.20_Montana.ndpi,1,0,0,0,0,1
USNMPAL_792924_D1820_L_2024-01-22_14_31_10_N_Mexico,/rhf/allocations/dsci435/smithsonian_full_sp26/raw/USNMPAL_792924_D1820_L_2024-01-22_14_31_10_N_Mexico.ndpi.ndpa,/rhf/allocations/dsci435/smithsonian_full_sp26/raw/USNMPAL_792924_D1820_L_2024-01-22_14_31_10_N_Mexico.ndpi,1,0,0,0,0,1
USNMPAL_792925_D1822_L_2024-01-02_12_28_29_Colorado,/rhf/allocations/dsci435/smithsonian_full_sp26/raw/USNMPAL_792925_D1822_L_2024-01-02_12_28_29_Colorado.ndpi.ndpa,/rhf/allocations/dsci435/smithsonian_full_sp26/raw/USNMPAL_792925_D1822_L_2024-01-02_12_28_29_Colorado.ndpi,1,0,0,0,0,1
USNMPAL_792926_D1823 - 2023-11-07 11.32.18,/rhf/allocations/dsci435/smithsonian_full_sp26/raw/USNMPAL_792926_D1823 - 2023-11-07 11.32.18.ndpi.ndpa,/rhf/allocations/dsci435/smithsonian_full_sp26/raw/USNMPAL_792926_D1823 - 2023-11-07 11.32.18.ndpi,1,0,0,0,0,1
USNMPAL_792929_D1824 - 2023-11-09 09.53.34,/rhf/allocations/dsci435/smithsonian_full_sp26/raw/USNMPAL_792929_D1824 - 2023-11-09 09.53.34.ndpi.ndpa,/rhf/allocations/dsci435/smithsonian_full_sp26/raw/USNMPAL_792929_D1824 - 2023-11-09 09.53.34.ndpi,1,0,0,0,1,0
USNMPAL_792934_D1846 - 2024-01-22 10.45.47,/rhf/allocations/dsci435/smithsonian_full_sp26/raw/USNMPAL_792934_D1846 - 2024-01-22 10.45.47.ndpi.ndpa,/rhf/allocations/dsci435/smithsonian_full_sp26/raw/USNMPAL_792934_D1846 - 2024-01-22 10.45.47.ndpi,1,0,0,0,0,1
USNMPAL_792936_D1851_2024-01-18 17.12.01,/rhf/allocations/dsci435/smithsonian_full_sp26/raw/USNMPAL_792936_D1851_2024-01-18 17.12.01.ndpi.ndpa,/rhf/allocations/dsci435/smithsonian_full_sp26/raw/USNMPAL_792936_D1851_2024-01-18 17.12.01.ndpi,1,0,0,0,0,1
USNMPAL_792938_D1855 - 2024-01-22 12.59.19,/rhf/allocations/dsci435/smithsonian_full_sp26/raw/USNMPAL_792938_D1855 - 2024-01-22 12.59.19.ndpi.ndpa,/rhf/allocations/dsci435/smithsonian_full_sp26/raw/USNMPAL_792938_D1855 - 2024-01-22 12.59.19.ndpi,1,0,0,0,0,1
USNMPAL_792943_D1862 - 2023-11-20 11.52.32,/rhf/allocations/dsci435/smithsonian_full_sp26/raw/USNMPAL_792943_D1862 - 2023-11-20 11.52.32.ndpi.ndpa,/rhf/allocations/dsci435/smithsonian_full_sp26/raw/USNMPAL_792943_D1862 - 2023-11-20 11.52.32.ndpi,1,0,0,0,0,1
USNMPAL_792944_D1867 - 2024-01-23 10.34.13,/rhf/allocations/dsci435/smithsonian_full_sp26/raw/USNMPAL_792944_D1867 - 2024-01-23 10.34.13.ndpi.ndpa,/rhf/allocations/dsci435/smithsonian_full_sp26/raw/USNMPAL_792944_D1867 - 2024-01-23 10.34.13.ndpi,2,1,0,0,0,1
USNMPAL_792966_D1909_2024_02_20_11_11_43,/rhf/allocations/dsci435/smithsonian_full_sp26/raw/USNMPAL_792966_D1909_2024_02_20_11_11_43.ndpi.ndpa,/rhf/allocations/dsci435/smithsonian_full_sp26/raw/USNMPAL_792966_D1909_2024_02_20_11_11_43.ndpi,1,1,0,0,0,0
USNMPAL_792971_D1916 - 2024-01-25 10.04.46,/rhf/allocations/dsci435/smithsonian_full_sp26/raw/USNMPAL_792971_D1916 - 2024-01-25 10.04.46.ndpi.ndpa,/rhf/allocations/dsci435/smithsonian_full_sp26/raw/USNMPAL_792971_D1916 - 2024-01-25 10.04.46.ndpi,23,4,0,16,1,2
USNMPAL_792979_D1966-B-1_2024-02-02_16_46_39_Mississippi,/rhf/allocations/dsci435/smithsonian_full_sp26/raw/USNMPAL_792979_D1966-B-1_2024-02-02_16_46_39_Mississippi.ndpi.ndpa,/rhf/allocations/dsci435/smithsonian_full_sp26/raw/USNMPAL_792979_D1966-B-1_2024-02-02_16_46_39_Mississippi.ndpi,1,1,0,0,0,0
USNMPAL_793189_D3353_1_R_2024_02_02_19_16_54_Mississippi,/rhf/allocations/dsci435/smithsonian_full_sp26/raw/USNMPAL_793189_D3353_1_R_2024_02_02_19_16_54_Mississippi.ndpi.ndpa,/rhf/allocations/dsci435/smithsonian_full_sp26/raw/USNMPAL_793189_D3353_1_R_2024_02_02_19_16_54_Mississippi.ndpi,1,0,0,0,0,1
USNMPAL_793203_D3382_L_2024-01-22_14_07_02_Alaska,/rhf/allocations/dsci435/smithsonian_full_sp26/raw/USNMPAL_793203_D3382_L_2024-01-22_14_07_02_Alaska.ndpi.ndpa,/rhf/allocations/dsci435/smithsonian_full_sp26/raw/USNMPAL_793203_D3382_L_2024-01-22_14_07_02_Alaska.ndpi,1,0,0,0,0,1
USNMPAL_793204_D3383_L_2024-01-22_10_03_30_Alaska,/rhf/allocations/dsci435/smithsonian_full_sp26/raw/USNMPAL_793204_D3383_L_2024-01-22_10_03_30_Alaska.ndpi.ndpa,/rhf/allocations/dsci435/smithsonian_full_sp26/raw/USNMPAL_793204_D3383_L_2024-01-22_10_03_30_Alaska.ndpi,1,0,0,0,0,1
USNMPAL_793224_D3422-A_R_2024-02-05_12_58_31_Arkansas,/rhf/allocations/dsci435/smithsonian_full_sp26/raw/USNMPAL_793224_D3422-A_R_2024-02-05_12_58_31_Arkansas.ndpi.ndpa,/rhf/allocations/dsci435/smithsonian_full_sp26/raw/USNMPAL_793224_D3422-A_R_2024-02-05_12_58_31_Arkansas.ndpi,1,0,0,0,0,1
USNMPAL_793471_D3915_R_2024_01_23_09_38_16_Alaska,/rhf/allocations/dsci435/smithsonian_full_sp26/raw/USNMPAL_793471_D3915_R_2024_01_23_09_38_16_Alaska.ndpi.ndpa,/rhf/allocations/dsci435/smithsonian_full_sp26/raw/USNMPAL_793471_D3915_R_2024_01_23_09_38_16_Alaska.ndpi,1,0,0,0,0,1
USNMPAL_793473_D3917_L_2024-01-02_13_52_23_Alaska,/rhf/allocations/dsci435/smithsonian_full_sp26/raw/USNMPAL_793473_D3917_L_2024-01-02_13_52_23_Alaska.ndpi.ndpa,/rhf/allocations/dsci435/smithsonian_full_sp26/raw/USNMPAL_793473_D3917_L_2024-01-02_13_52_23_Alaska.ndpi,1,0,0,0,0,1
