Category,Annotation title,n
Algae,alg,44
Algae,alg?,9
Alnipollenites verus,Alnipollenites sp.,7
Alnipollenites verus,Alnipollenites verus,85
Rousea sp.,Amanoa sp.,1
Fungi,Amerospore,7
Arecipites sp.,Arecipites reticulatus,1
Arecipites sp.,Arecipites sp.,77
Arecipites sp.,Arecipites tenuiexinous,1
Algae,Azolla,2
Betulaceae,Betulaceae,76
Betulaceae,Betulaceae sp.,1
Betulaceae,Betulaceae/Myricaceae,1
Bisaccate,Bipol,264
Bisaccate,bipol,1
Bisaccate,Bisaccate,40
Bisaccate,Bisaccate pollen,11
Bombacacidites sp.,Bombacacidites cf. annae,1
Bombacacidites sp.,Bombacacidites sp.,14
Algae,Botryoccocus,1
Algae,Botryococcus,3
Fungi,Bulbilspore,3
Calamuspollenites?,Calamuspollenites?,1
Caprifollipites sp.,Caprifoliipites paleocenicus,1
Caprifollipites sp.,Caprifoliipites sp.,5
Caprifollipites sp.,Caprifollipites sp.,1
Caryapollenites sp.,Carya sp.,3
Caryapollenites sp.,Caryapollenites,9
Caryapollenites sp.,Caryapollenites imparalis,34
Caryapollenites sp.,Caryapollenites prodromus,1
Caryapollenites sp.,Caryapollenites sp.,33
Caryapollenites veripites,Caryapollenites veripites,55
Caryapollenites sp.,Caryapollenites wodehousei,14
Caryapollenites sp.,Caryapollenotes sp.,1
Cicatricosisporites sp.,Cicatricosisporites,2
Cicatricosisporites sp.,Cicatricosisporites dorogensis,15
Cicatricosisporites sp.,Cicatricosisporites sp.,35
Clavaperipollenites,clavaperipollenites circularis,1
Clavatricolpites sp.,Clavatricolpites sp.,2
Triporites sp.,Corsinipollenites operculatus,1
Triporites sp.,Corsinipollenites sp.,6
Triporites sp.,Corsinipollenites undulatus,1
Cupuliferoipollenites sp.,Cupuliferoipollenites sp.,27
Psilatriletes sp.,Cyathiacidites sp.,1
Psilatriletes sp.,Cyathidites,6
Psilatriletes sp.,Cyathidites sp.,13
Psilatriletes sp.,Deltoidospora,1
Psilatriletes sp.,Deltoidospora microadriennis,1
Psilatriletes sp.,Deltoidospora sp.,17
Fungi,Didymospore,3
Dinocyst,din,132
Dinocyst,din?,7
Dinocyst,Dinocyst,2
Dinocyst,Dinocyst 4220,1
Dinocyst,Dinocyst D4220,1
Echiperiporites akanthos,Echiperiporites akanthos,2
Echipollenites sp.,Echipollenites sp.,1
Echitricolpites microechinatus,Echitricolpites microechinatus,12
Ericipites sp.,Ericaipites sp.,1
Ericipites sp.,Ericipites,1
Ericipites sp.,Ericipites sp.,52
Retitricolpites sp.,Fraxinoipollenites sp.,16
Fungi,fun,332
Fungi,Germling,2
Gothanipollis sp.,Gothanipollis sp.,2
Hippocrateaceaedites sp.,Hippocrateaceaedites kernii,10
Hippocrateaceaedites sp.,Hippocrateaceaedites sp.,1
Rhoipites sp.,Horniella sp.,15
Illexpollenites sp.,Illexpollenites,1
Illexpollenites sp.,Illexpollenites sp.,32
Inaperturopollenites sp.,Inaperturopollenites,1
Inaperturopollenites sp.,Inaperturopollenites sp.,42
Juglans sp.,Juglans,1
Polyatriopollenites type,Juglans nigripites,12
Laevigatosporites sp.,Laevigatosporites,2
Laevigatosporites sp.,Laevigatosporites sp.,35
Arecipites sp.,Liliacidites sp.,2
Momipites sp,Momipites,156
Momipites sp,Momipites coryloides,1
Momipites flexus,Momipites flexus,38
Momipites sp,Momipites microfoveolatus,2
Momipites sp,Momipites sp,1
Momipites sp,Momipites sp.,23
Momipites ventifluminis,Momipites ventifluminis,60
Momipites ventifluminis,Momipites vermifluminis,1
Momipites wyomingensis,Momipites wyomingensis,51
Momipites sp,Momipites?,1
Monocolpites sp.,Monocolpate,1
Monocolpites sp.,Monocolpites,7
Monocolpites sp.,Monocolpites sp,2
Monocolpites sp.,Monocolpites sp.,16
Monocolpites sp.,Monocolpites?,1
Laevigatosporites sp.,Monolete,1
Monoporopollenites,Monoporopollenites annulatus,3
Monocolpites sp.,Monosulcites,6
Nudopollis sp.,Myrtaceae type,3
Nudopollis sp.,Myrtaceidites parvus,1
Nudopollis sp.,Nudipollis sp.,1
Nudopollis sp.,Nudopollis sp.,84
Nyssapollenites sp.,Nyssapollenites sp.,5
Nyssapollenites sp.,Nyssapollenitessp.,1
Indet.,paly,1926
Indet.,Paly,3
Indet.,paly?,4
Indet.,Pediastrum,11
Periporites sp.,Peripollenites sp,1
Periporites sp.,Peripollenites sp.,2
Periporites sp.,Periporites sp.,9
Periporites sp.,Periposites sp.,1
Fungi,Phragmospore,2
Pistillipollenites sp.,Pistillipollenites mcgregorii,56
Pistillipollenites sp.,Pistillipollenites sp.,8
Platycaryapollenites swasticoidus,Platycarya cf. triplicata,1
Platycarya platycarioides,Platycarya platycarioides,19
Platycarya platycarioides,Platycarya platycaryoides,36
Platycarya platycarioides,Platycaryapollenites platycaryoides,1
Platycaryapollenites swasticoidus,Platycaryapollenites swasticoidus,80
pollen,pol,5999
pollen,pol.,1
pollen,pol?,6
Polyatriopollenites type,Polyatriopollenites sp.,8
Polyatriopollenites type,Polyatriopollenites tricostatus,1
Polyatriopollenites type,Polyatriopollenites vermontensis,22
Polypodiaceoisporites sp.,Polypodiaceoisporites sp.,1
Polypodiisporites sp.,Polypodiisporites sp.,2
Proxapertites sp.,Proxaperites sp.,1
Proxapertites sp.,Proxapertites sp.,1
Monocolpites sp.,Psilamocolpites sp.,1
Monocolpites sp.,Psilamonocolpites,1
Monocolpites sp.,Psilamonocolpites sp.,45
Periporites sp.,Psilaperiporites cactus,1
Periporites sp.,Psilaperiporites sp.,1
Psilatricolpites sp.,Psilatricolpites compactus,6
Psilatricolpites sp.,Psilatricolpites sp.,54
Psilatricolpites sp.,Psilatricolpitessp.,1
Tricolporites sp.,Psilatricolporites operculatus,1
Tricolporites sp.,Psilatricolporites sp.,13
Psilatriletes sp.,Psilatriletes sp.,3
Triporites sp.,Psilatriporites minutus,1
Triporites sp.,Psilatriporites sp.,4
Quercus sp.,Quercus sp.,44
Retipollenites sp.,Retipollenites,1
Retipollenites sp.,Retipollenites sp.,74
Retitricolpites sp.,Retitrescolpites,1
Retitricolpites sp.,Retitricolpites sp.,9
Retitricolporites coarsus,Retitricolporites coarsus,1
Rousea sp.,Retitricolporites sp.,4
Rhoipites sp.,Rhoipites cryptoporus,1
Rhoipites sp.,Rhoipites sp.,27
Rousea sp.,Rousea linguiflumena,1
Rousea sp.,Rousea sp,1
Rousea sp.,Rousea sp.,47
Rhoipites sp.,Siltaria sp.,21
Rhoipites sp.,SIltaria sp.,1
Spinizonocolpites sp.,Spinizonocolpites sp.,3
spore,spo,255
spore,spo?,26
Stereisporites? sp.,Stereisporites? sp.,1
Striatricolporites sp.,Striatopollis cf. catatumbus,1
Striatricolporites sp.,Striatricolporites sp.,3
Taxodium sp.,Taxodium sp.,62
Tetracolporopollenites sp.,Tetracolporites sp.,2
Tetracolporopollenites sp.,Tetracolporopollenites sp.,64
Tetracolporopollenites sp.,Tetraxolporopollenites sp.,1
Bombacacidites sp.,Tiliapollenites sp.,25
Tricolpites sp.,Tricolpites,9
Tricolpites sp.,Tricolpites compactus,1
Tricolpites sp.,Tricolpites sp.,14
Tricolporites sp.,Tricolporites,4
Tricolporites sp.,Tricolporites sp.,1
Tricolporites sp.,Tricolporopollenites sp.,7
Psilatriletes sp.,Trilete,4
Psilatriletes sp.,Triletes,2
Triporites sp.,Triporites sp.,2
Triporites sp.,Triporopollenites sp.,8
Tsuga,Tsuga,11
Ulmipollenites sp.,Ulmipollenites sp.,51
Ulmipollenites sp.,Ulmipollenites tricostatus,1
Ulmipollenites sp.,Ulmoideipites sp.,10
Ulmipollenites sp.,Ulmopollenites sp.,1
Verrucingulatisporites sp.,Verrucingulatisporites sp.,2
Verrucingulatisporites sp.,Verrupollenites densus,1
Verrucingulatisporites sp.,Verrupollenites sp.,1
Verrutricolpites sp.,Verrutricolpites sp.,7
Fungi,Zopfiella type,4
