record_id,category,slide,representation,center_inside_roi,box_inside_roi,hit_conf_050,hit_conf_025,best_matching_score,max_iou,prediction_count_conf_050,tile_x,tile_y,focal_planes,historical_split
C_418070_W_Nassichuk_R_2025_01_21_14_17_12_Alaska::record_68,Bisaccate,C_418070_W_Nassichuk_R_2025_01_21_14_17_12_Alaska,best_plane,False,False,False,False,0.07091239839792252,0.6731766587302759,0,69537,0,27,train
C_418080_W_Nassichuk_L_2025_01_14_19_14_58_Alaska::record_224,Cupuliferoipollenites sp.,C_418080_W_Nassichuk_L_2025_01_14_19_14_58_Alaska,focus_stack,False,False,False,True,0.47184041142463684,0.7794238068170594,5,52158,45439,27,train
D1555_RAS_60_2023_04_20_15_40_35::record_267,Nudopollis sp.,D1555_RAS_60_2023_04_20_15_40_35,focus_stack,False,False,False,False,0.0,0.3207836256662331,16,62701,49920,21,unresolved_exact_name
D1555_RAS_60_2023_04_20_15_40_35::record_267,Nudopollis sp.,D1555_RAS_60_2023_04_20_15_40_35,best_plane,False,False,False,False,0.0,0.34340903109338583,19,62701,49920,21,unresolved_exact_name
D1555_RAS_60_2023_04_20_15_40_35::record_350,Retipollenites sp.,D1555_RAS_60_2023_04_20_15_40_35,focus_stack,False,False,False,True,0.2811243236064911,0.7871335299698959,31,58157,50477,21,unresolved_exact_name
D3407-2_L_2024_02_20_13_28_48_Texas::record_132,Momipites wyomingensis,D3407-2_L_2024_02_20_13_28_48_Texas,focus_stack,False,False,False,True,0.38108569383621216,0.5101384092460055,0,20438,64798,25,train
D3407-2_L_2024_02_20_13_28_48_Texas::record_132,Momipites wyomingensis,D3407-2_L_2024_02_20_13_28_48_Texas,best_plane,False,False,False,False,0.0,0.4198643840197217,2,20438,64798,25,train
D3408_1_R_2024_02_20_19_10_35_Texas::record_411,Cicatricosisporites sp.,D3408_1_R_2024_02_20_19_10_35_Texas,focus_stack,False,False,False,True,0.41988325119018555,0.8718275852242575,7,18044,31990,25,train
D3408_1_R_2024_02_20_19_10_35_Texas::record_411,Cicatricosisporites sp.,D3408_1_R_2024_02_20_19_10_35_Texas,best_plane,False,False,False,True,0.4260943531990051,0.8459693890127894,7,18044,31990,25,train
D5542_1_L_2024_02_06_10_55_26_Colorado::record_86,Alnipollenites verus,D5542_1_L_2024_02_06_10_55_26_Colorado,focus_stack,False,False,False,True,0.44210880994796753,0.8295601692711104,0,68954,35554,25,train
D5609_L_2024_03_01_11_15_57_Alaska::record_93,Illexpollenites sp.,D5609_L_2024_03_01_11_15_57_Alaska,best_plane,False,False,False,False,0.08064591139554977,0.9224829239137785,0,11701,58599,25,train
C_418107_W_Nassichuk_R_2025_01_21_11_16_25_Alaska::record_23,Polyatriopollenites type,C_418107_W_Nassichuk_R_2025_01_21_11_16_25_Alaska,focus_stack,True,True,False,True,0.3888002038002014,0.8786396845722829,2,56521,31219,27,test
C_418109_W_Nassichuk_R_2025_01_21_10_57_19_Alaska::record_13,Platycaryapollenites swasticoidus,C_418109_W_Nassichuk_R_2025_01_21_10_57_19_Alaska,focus_stack,True,True,False,False,0.05352545529603958,0.8233323853994875,1,57169,56898,27,train
C_418109_W_Nassichuk_R_2025_01_21_10_57_19_Alaska::record_13,Platycaryapollenites swasticoidus,C_418109_W_Nassichuk_R_2025_01_21_10_57_19_Alaska,best_plane,True,True,False,False,0.22419069707393646,0.8693895680592056,1,57169,56898,27,train
D1821_1_R_2024_01_23_15_01_49_New_Mex::record_11,Bombacacidites sp.,D1821_1_R_2024_01_23_15_01_49_New_Mex,best_plane,True,True,False,True,0.4737965762615204,0.9542956483364966,1,17178,9705,25,train
D3407-2_L_2024_02_20_13_28_48_Texas::record_21,Illexpollenites sp.,D3407-2_L_2024_02_20_13_28_48_Texas,focus_stack,True,True,False,False,0.09292419999837875,0.8911801665245447,0,24630,56274,25,train
D3407-2_L_2024_02_20_13_28_48_Texas::record_21,Illexpollenites sp.,D3407-2_L_2024_02_20_13_28_48_Texas,best_plane,True,True,False,True,0.40079641342163086,0.9111452763554726,2,24630,56274,25,train
D3408-1_L_2024_02_20_13_47_16_Texas::record_244,Cicatricosisporites sp.,D3408-1_L_2024_02_20_13_47_16_Texas,focus_stack,True,True,False,True,0.48567068576812744,0.7942012429636274,6,66746,44590,25,train
D4354_3_R_2024_02_05_12_39_12_Arkansas::record_31,Psilatricolpites sp.,D4354_3_R_2024_02_05_12_39_12_Arkansas,focus_stack,True,True,False,False,0.0,0.0,1,20890,46520,25,train
D4354_3_R_2024_02_05_12_39_12_Arkansas::record_31,Psilatricolpites sp.,D4354_3_R_2024_02_05_12_39_12_Arkansas,best_plane,True,True,False,False,0.0,0.0,1,20890,46520,25,train
USNMPAL_792852_D1667-A_R_2024_02_2019_29_55_Kentucky::record_35,Retipollenites sp.,USNMPAL_792852_D1667-A_R_2024_02_2019_29_55_Kentucky,focus_stack,True,True,False,False,0.0,0.1423096084154935,2,34048,47466,25,test
USNMPAL_792852_D1667-A_R_2024_02_2019_29_55_Kentucky::record_35,Retipollenites sp.,USNMPAL_792852_D1667-A_R_2024_02_2019_29_55_Kentucky,best_plane,True,True,False,False,0.0,0.1093369735533029,3,34048,47466,25,test
USNMPAL_793471_D3915_L_2024_01_22_10_22_34_Alaska::record_24,Laevigatosporites sp.,USNMPAL_793471_D3915_L_2024_01_22_10_22_34_Alaska,focus_stack,True,True,False,True,0.27830007672309875,0.8403425372486867,1,49379,39349,25,train
